,NO,YETKİLENDİRME GRUP NO,İL,KURUM
0,1,1,ADANA,ADANA İL SAĞLIK MÜDÜRLÜĞÜ HALK SAĞLIĞI LABORATUVARI
1,2,3,ADANA,ADANA ŞEHİR HASTANESİ
2,3,5,ADANA,ÇUKUROVA ÜNİVERSİTESİ BALCALI HASTANESİ 
3,4,5,ADANA,SEYHAN DEVLET HASTANESİ
4,5,5,ADANA,ÖZEL YAŞAMLAB LABORATUVARI
5,6,9,ADANA,ÖZEL BİR-LAB LABORATUVARI
6,7,9,ADANA,ÖZEL ADANA METRO HASTANESİ
7,8,9,ADANA-YÜREĞİR,YÜREĞİR DEVLET HASTANESİ
8,9,2,ADIYAMAN,ADIYAMAN EĞİTİM VE ARAŞTIRMA HASTANESİ MİKROBİYOLOJİ LABORATUVARI 
9,10,6,ADIYAMAN,ÖZEL ADIYAMAN PARK HOSPİTAL
10,11,2,AFYONKARAHİSAR,AFYONKARAHİSAR SAĞLIK BİLİMLERİ ÜNİVERSİTESİ TIP FAKÜLTESİ TIBBİ MİKROBİYOLOJİ AD
11,12,5,AFYONKARAHİSAR,AFYONKARAHİSAR DEVLET HASTANESİ
12,13,6,AFYONKARAHİSAR,AFYONKARAHİSAR ÖZEL PARKHAYAT HASTANESİ
13,14,4,AĞRI,AĞRI DEVLET HASTANESİ PCR LABORATUVARI
14,15,3,AKSARAY,AKSARAY EĞİTİM ARAŞTIRMA HASTANESİ MERKEZ LABORATUVARI
15,16,9,AKSARAY, ÖZEL İNOVA HASTANESİ
16,17,3,AMASYA,AMASYA ÜNİVERSİTESİ SABUNCUOĞLU ŞEREFEDDİN EĞİTİM ARAŞTIRMA HASTANESİ
17,18,5,AMASYA-MERZİFON,MERZİFON KARAMUSTAFA PAŞA DEVLET HASTANESİ
18,19,1,ANKARA,ANKARA ÜNİVERSİTESİ TIP FAKÜLTESİ TIBBİ MİKROBİYOLOJİ AD
19,20,1,ANKARA,HACETTEPE ÜNİVERSİTESİ HASTANELERİ MERKEZ VE ACİL LABORATUVARLARI 
20,21,1,ANKARA,GAZİ ÜNİVERSİTESİ TIP FAKÜLTESİ MOLEKÜLER VİROLOJİ LABORATUVARI
21,22,3,ANKARA,S.B.Ü. DIŞKAPI YILDIRIM BEYAZID EĞİTİM ARAŞTIRMA HASTANESİ
22,23,3,ANKARA,SB ANKARA EĞİTİM ARAŞTIRMA HASTANESİ TIBBİ MİKROBİYOLOJİ BÖLÜMÜ LABORATUVARI
23,24,3,ANKARA,AZİZSANCAR ARAŞTIRMA MERKEZİ COVİD-19 TANI MERKEZİ 
24,25,4,ANKARA,LOKMAN HEKİM TIBBİ HİZMETLER LTD. ŞTİ. ÖZEL ALAB LABORATUVARLARI
25,26,5,ANKARA,YENİMAHALLE EĞİTİM ARAŞTIRMA HASTANESİ MİKROBİYOLOJİ LABORATUVARI 
26,27,5,ANKARA,ÖZEL MEDİCALPARK ANKARA HASTANESİ
27,28,5,ANKARA,MİKROGEN GENETİK HASTALIKLARI TANI MERKEZİ
28,29,6,ANKARA,S.B. GÜLHANE EĞİTİM VE ARAŞTIRMA HASTANESİ MİKROBİYOLOJİ VE KLİNİK MİKROBİYOLOJİ LABORATUVARI
29,30,6,ANKARA,ANKARA HALK SAĞLIĞI LABORATUVARI
30,31,6,ANKARA,INTERGEN GENETİK HASTALIKLAR TANI MERKEZİ
31,32,6,ANKARA,ÖZEL ZETA LABORATUVARLARI
32,33,6,ANKARA,ÖZEL HRS ANKARA KADIN HASTANESİ
33,34,6,ANKARA,ÖZEL ANKARA GENETİK HASTALIKLAR TANI MERKEZİ
34,35,6,ANKARA,ÖZEL DOĞA TIBBİ LABORATUVARLARI
35,36,6,ANKARA,ÖZEL OMEGA-PRO GENETİK HASTALIKLARA DEĞERLENDİRME MERKEZİ 
36,37,6,ANKARA,ÖZEL  MİM  HASTANESİ
37,38,1,ANKARA,HSGM/ULUSAL İNFLUENZA MERKEZİ VE SOLUNUM YOLLARI VİRÜSLERİ LABORATUVARI
38,39,2,ANKARA,ANKARA ŞEHİR HASTANESİ MERKEZ LABORATUVARI
39,40,2,ANKARA,YÜKSEK İHTİSAS ÜNİVERSİTESİ VİROMED LABORATUVARLARI (ANKARA)
40,41,3,ANKARA,BAŞKENT ANKARA HASTANESİ MERKEZ LABORATUVARI MİKROBİYOLOJİ -PCR 
41,42,5,ANKARA,TOBB EKONOMİ VE TEKNOLOJİ SAĞLIK EĞİTİMİ UYGULAMA VE ARAŞTIRMA MERKEZİ  HASTANESİ
42,43,5,ANKARA,ÖZEL KORU  ANKARA HASTANESİ
43,44,5,ANKARA,DÜZEN LABORATUVARLARI
44,45,5,ANKARA,ÖZEL MEMORİAL ANKARA HASTANESİ
45,46,5,ANKARA,ÖZEL SYNLAB LABORATUVARI
46,47,5,ANKARA,GENOKS GENETİK HASTALIKLAR TANI MERKEZİ
47,48,5,ANKARA,ÖZEL CLİNLAB LABORATUVARI
48,49,5,ANKARA,ÖZEL ENA TIBBİ LABORATUVARLARI
49,50,6,ANKARA,ÖZEL MEDİCANA INTERNATIONAL ANKARA HASTANESİ
50,51,6,ANKARA,ÖZEL DENGE TIP LABORATUVARI
51,52,6,ANKARA,ÖZEL ÖZEL TURKLAB LABORATUVARI 
52,53,6,ANKARA,ÖZEL SYNEVO LABORATUVARI 
53,54,6,ANKARA,ÖZEL AVİCENNA TIBBİ LABORATUVARI
54,55,6,ANKARA,ÖZEL ANKARA UMUT HASTANESİ
55,56,6,ANKARA,ÖZEL LÖSANTE ÇOCUK VE YETİŞKİN HASTANESİ 
56,57,6,ANKARA,ÖZEL SANATORYUM TIP MERKEZİ
57,58,6,ANKARA,ÖZEL BİLGİ HASTANESİ
58,59,6,ANKARA,ÖZEL DEREN LABORATUVARI
59,60,7,ANKARA,ÖZEL ANKARA CERRAHİ TIP MERKEZİ
60,61,7,ANKARA,ÖZEL FİZYOCARE TIP MERKEZİ
61,62,9,ANKARA,ÖZEL ORTADOĞU HASTANESİ İVEDİK CAD. NO:61 YENİMAHALLE/ANKARA
62,63,8,ANKARA,ÖZEL ENGİNGRUP GENETİK HASTALIKLAR DEĞERLENDİRME MERKEZİ
63,64,9,ANKARA,ÖZEL AD GROUP GENETİK HASTALIKLAR DEĞERLENDİRME MERKEZİ
64,65,1,ANTALYA,ANTALYA İL SAĞLIK MÜDÜRLÜĞÜ HALK SAĞLIĞI LABORATUVARI
65,66,2,ANTALYA,ANTALYA EĞİTİM ARAŞTIRMA HASTANESİ TIBBİ MİKROBİYOLOJİ LABORATUVARI
66,67,5,ANTALYA,ÖZEL ŞELALE TIP MERKEZİ
67,68,5,ANTALYA,TOSUN TIBBİ TAHLİLLER LABORATUVARI
68,69,3,ANTALYA,AKDENİZ ÜNİVERSİTESİ TIP FAKÜLTESİ HASTANESİ MERKEZ LABORATUVARI
69,70,5,ANTALYA,ÖZEL ANTALYA MEDİCALPARK HASTANE KOMPLEKSİ LABORATUVARI
70,71,5,ANTALYA,ÖZEL AKDENİZ SAĞLIK VAKFI (ASV) Yaşam Hastanesi
71,72,5,ANTALYA,ÖZEL OFM ANTALYA HASTANESİ
72,73,5,ANTALYA,ÖZEL ANTALYA TIP MERKEZİ
73,74,5,ANTALYA, ÖZEL ANTALYA ANADOLU HASTANESİ 
74,75,5,ANTALYA,ÖZEL LARA ANADOLU HASTANESİ
75,76,5,ANTALYA,ÖZEL ALANYA ANADOLU HASTANESİ
76,77,5,ANTALYA,ÖZEL SİDE ANADOLU HASTANESİ
77,78,5,ANTALYA,ÖZEL AKDENİZ ŞİFA HASTANESİ
78,79,6,ANTALYA,ÖZEL MEDSTAR ANTALYA HASTANESİ
79,80,6,ANTALYA,ÖZEL OLİMPOS HASTANESİ 
80,81,6,ANTALYA,ÖZEL ANTALYA GENETİK HASTALIKLARI TANI MERKEZİ
81,82,7,ANTALYA,ÖZEL ŞELALE TERMESSOS HASTANESİ
82,83,9,ANTALYA,ÖZEL RICH HOSPİTAL HASTANESİ 
83,84,6,ANTALYA,ANTALYA KEPEZ DEVLET HASTANESİ
84,85,8,ANTALYA -MANAVGAT,MANAVGAT DEVLET HASTANESİ
85,86,5,ANTALYA -MANAVGAT,ÖZEL AKDENİZ HASTANESİ
86,87,9,ANTALYA -MANAVGAT,ÖZEL MANAVGAT ESLEM HASTANESİ
87,88,3,ANTALYA-ALANYA,ALAADDİN KEYKUBAT ÜNİVERSİTESİ ALANYA EĞİTİM ARAŞTIRMA HASTANESİ MERKEZ LABORATUVARI
88,89,5,ANTALYA-ALANYA,BAŞKENT ÜNİVERSİTESİ ALANYA UYGULAMA VE ARAŞTIRMA MERKEZİ
89,90,6,ANTALYA-FİNİKE,FİNİKE DEVLET HASTANESİ
90,91,9,ANTALYA-SERİK,ÖZEL ASPENDOS ANADOLU HASTANESİ
91,92,9,ANTALYA-KEMER,ÖZEL ANADOLU HASTANESİ
92,93,9,ANTALYA-KORKUTELİ,ÖZEL MEDİ YAŞAM HASTANESİ
93,94,6,ARDAHAN,ARDAHAN DEVLET HASTANESİ
94,95,4,ARTVİN,ARTVİN DEVLET HASTANESİ MERKEZ LABORATUVARI
95,96,2,AYDIN,AYDIN İL SAĞLIK MÜDÜRLÜĞÜ HALK SAĞLIĞI LABORATUVARI
96,97,3,AYDIN,AYDIN ADNAN MENDERES ÜNİVERSİTESİ HASTANESİ TIBBİ MİKROBİYOLOJİ LABORATUVARI
97,98,6,AYDIN-KUŞADASI,ÖZEL GÖZDE KUŞADASI HASTANESİ
98,99,5,AYDIN-SÖKE,AYDIN SÖKE ÖZEL EGEMED HASTANESİ
99,100,3,BALIKESİR,BALIKESİR ATATÜRK ŞEHİR HASTANESİ 
100,101,1,BALIKESİR,BALIKESİR ÜNİVERSİTESİ TIP FAKÜLTESİ MİKROBİYOLOJİ LABORATUVARI
101,102,9,BALIKESİR-AYVALIK,ÖZEL AYVALIK TIBBİ TAHLİL LABORATUVARI
102,103,8,BALIKESİR-BANDIRMA,BANDIRMA EĞİTİM ARAŞTIRMA HASTANESİ
103,104,6,BALIKESİR-BANDIRMA,ÖZEL BANDIRMA ROYAL HASTANESİ
104,105,9,BALIKESİR-EDREMİT,EDREMİT DEVLET HASTANESİ
105,106,6,BALIKESİR-EDREMİT,ÖZEL EDREMİT KÖRFEZ HASTANESİ 
106,107,9,BALIKESİR-KARESİ,ÖZEL BALLAB TIBBİ MİKROBİYOLOJİ LABORATUVARI
107,108,4,BARTIN,BARTIN DEVLET HASTANESİ MİKROBİYOLOJİ LABORATUVARI
108,109,3,BATMAN,ÖZEL BATMAN DÜNYA HASTANESİ MİKROBİYOLOJİ LABORATUVARI
109,110,5,BATMAN,BATMAN BÖLGE DEVLET HASTANESİ PCR LABORATUVARI
110,111,6,BATMAN,ÖZEL MEDİCAL PARK BATMAN HASTANESİ
111,112,3,BAYBURT,BAYBURT HALK SAĞLIĞI LABORATUVARI
112,113,6,BİLECİK,BİLECİK DEVLET HASTANESİ
113,114,3,BİNGÖL,BİNGÖL HALK SAĞLIĞI LABORATUVARI
114,115,3,BİTLİS,TATVAN DEVLET HASTANESİ MERKEZ LABORATUVARI
115,116,1,BOLU,BOLU ABANT İZZET BAYSAL ÜNİVERSİTESİ EĞİTİM VE ARAŞTIRMA HASTANESİ TIBBİ MİKROBİYOLOJİ AD
116,117,4,BURDUR,BURDUR HALK SAĞLIĞI LABORATUVARI
117,118,8,BURDUR-BUCAK,BUCAK DEVLET HASTANESİ
118,119,1,BURSA,BURSA İL SAĞLIK MÜDÜRLÜĞÜ HALK SAĞLIĞI LABORATUVARI
119,120,3,BURSA,BURSA ŞEHİR HASTANESİ
120,121,4,BURSA,SAĞLIK BİLİMLERİ ÜNİVERSİTESİ BURSA YÜKSEK İHTİSAS EĞİTİM ve ARAŞTIRMA HASTANESİ 
121,122,5,BURSA,ÖZEL MEDİCANA BURSA HASTANESİ
122,123,5,BURSA,ÖZEL ULUDAĞ ANALİZ TIP LABORATUVARI
123,124,5,BURSA,BURSA GENETİK HASTALIKLAR DEĞERLENDİRME MERKEZİ
124,125,5,BURSA,BURSA ULUDAĞ ÜNİVERSİTESİ SAĞLIK UYGULAMA VE ARAŞTIRMA MERKEZİ MÜDÜRLÜĞÜ
125,126,6,BURSA,VM MEDİCALPARK BURSA HASTANESİ
126,127,6,BURSA, ÖZEL ESENTEPE HASTANESİ
127,128,6,BURSA,ÖZEL MEDİCABİL NİLÜFER HASTANESİ
128,129,6,BURSA,ÖZEL BİYOTIP LABORATUVARI
129,130,6,BURSA,ÖZEL CEYLAN INTERNATIONAL HOSPITAL 
130,131,6,BURSA,ÖZEL MEDİCABİL YILDIRIM HASTANESİ
131,132,7,BURSA,ÖZEL ARİTMİ OSMANGAZİ HASTANESİ
132,133,7,BURSA,ÖZEL BURTOM TIBBİ TAHLİL
133,134,9,BURSA,ÖZEL PEMBE MAVİ HASTANESİ
134,135,9,BURSA,ÖZEL HAYAT HASTANESİ
135,136,3,ÇANAKKALE,ÇANAKKALE ONSEKİZ MART ÜNİVERSİTESİ TIBBİ MİKROBİYOLOJİ AD.
136,137,8,ÇANAKKALE,ÇANAKKALE HALK SAĞLIĞI LABORATUVARI
137,138,7,ÇANAKKALE-BİGA,ÇANAKKALE BİGA DEVLET HASTANESİ
138,139,4,ÇANKIRI,ÇANKIRI DEVLET HASTANESİ MERKEZ LABORATUVARI
139,140,1,ÇORUM,ÇORUM HİTİT ÜNİVERSİTESİ TIP FAKÜLTESİ TIBBİ MİKROBİYOLOJİ AD.
140,141,9,ÇORUM,ÖZEL ELİTPARK HASTANESİ
141,142,9,ÇORUM,ÇORUM ÖZEL HASTANESİ
142,143,2,DENİZLİ,PAMUKKALE ÜNİVERSİTESİ TIP FAKÜLTESİ MERKEZ LABORATUVARI
143,144,6,DENİZLİ,DENİZLİ DEVLET HASTANESİ
144,145,6,DENİZLİ,ÖZEL DENİZLİ TEKDEN HASTANESİ
145,146,7,DENİZLİ,ÖZEL DENİZLİ SAĞLIK HASTANESİ 
146,147,1,DİYARBAKIR,DİYARBAKIR SAĞLIK BİLİMLERİ ÜNİVERSİTESİ GAZİ YAŞARGİL EĞİTİM VE ARAŞTIRMA HASTANESİ
147,148,2,DİYARBAKIR,DİCLE ÜNİVERSİTESİ TIP FAKÜLTESİ TIBBİ MİKROBİYOLOJİ AD
148,149,5,DİYARBAKIR,ÖZEL DİYARBAKIR MEMORİAL HASTANESİ
149,150,5,DİYARBAKIR,DİYARBAKIR HALK SAĞLIĞI LABORATUVARI
150,151,2,DÜZCE,DÜZCE ÜNİVERSİTESİ TIP FAKÜLTESİ TIBBİ MİKROBİYOLOJİ AD.
151,152,5,DÜZCE,ÖZEL MEDLİFE LABORATUVARI
152,153,6,DÜZCE,DÜZCE ATATÜRK DEVLET HASTANESİ
153,154,6,DÜZCE,ÖZEL ÇAĞSU HASTANESİ
154,155,1,EDİRNE,TRAKYA ÜNİVERSİTESİ TIP FAKÜLTESİ TIBBİ MİKROBİYOLOJİ AD
155,156,5,EDİRNE,EDİRNE SULTAN 1. MURAT DEVLET HASTANESİ 
156,157,5,EDİRNE,ÖZEL TRAKYA HASTANESİ
157,158,9,EDİRNE,ÖZEL KEŞAN HASTANESİ 
158,159,3,ELAZIĞ,FIRAT ÜNİVERSİTESİ HASTANESİ MERKEZ LAB. MİKROBİYOLOJİ BÖLÜMÜ MOLEKÜLER LABORATUVARI
159,160,5,ELAZIĞ,ELAZIĞ FETHİ SEKİN ŞEHİR HASTANESİ MİKROBİYOLOJİ LABORATUVARINA
160,161,5,ELAZIĞ,ÖZEL DOĞU ANADOLU HASTANESİ
161,162,6,ELAZIĞ,ÖZEL MEDİCALPARK ELAZIĞ HASTANESİ
162,163,9,ELAZIĞ,ÖZEL MEDİLİNE HOSPİTAL HASTANESİ
163,164,3,ERZİNCAN,ERZİNCAN MENGÜCEK GAZİ EĞİTİM ARAŞTIRMA HASTANESİ TIBBİ MİKROBİYOLOJİ LABORATUVARI
164,165,1,ERZURUM,ERZURUM İL SAĞLIK MÜDÜRLÜĞÜ HALK SAĞLIĞI LABORATUVARI
165,166,3,ERZURUM,SBÜ ERZURUM BÖLGE EĞİTİM VE ARAŞTIRMA HASTANESİ MİKROBİYOLOJİ LABORATUVARI
166,167,5,ERZURUM,ÖZEL BUHARA  HASTANESİ
167,168,2,ESKİŞEHİR,ESKİŞEHİR OSMANGAZİ ÜNİVERSİTESİ TIP FAKÜLTESİ MİKROBİYOLOJİ AD.
168,169,3,ESKİŞEHİR,ESKİŞEHİR YUNUS EMRE DEVLET HASTANESİ MERKEZ LABORATUVARI
169,170,3,ESKİŞEHİR,ESKİŞEHİR ŞEHİR HASTANESİ
170,171,5,ESKİŞEHİR,ESKİŞEHİR OSMANGAZİ ÜNİVERSİTESİ GENETİK HASTALIKLAR TANI MERKEZİ
171,172,6,ESKİŞEHİR,ESKİŞEHİR ÖZEL GÜRLİFE HASTANESİ
172,173,6,ESKİŞEHİR,ÖZEL ESKİŞEHİR ANADOLU HASTANESİ 
173,174,4,GAZİANTEP,GAZİANTEP ÜNİVERSİTESİ ŞAHİNBEY ARAŞTIRMA VE UYGULAMA HASTANESİ
174,175,4,GAZİANTEP,SANKO ÜNİVERSİTESİ SANİ KONUKOĞLU UYGULAMA VE ARAŞTIRMA HASTANESİ MİKROBİYOLOJİ LABORATUVARI
175,176,6,GAZİANTEP,DR. ERSİN ARSLAN EĞİTİM ve ARAŞTIRMA HASTANESİ
176,177,1,GAZİANTEP,GAZİANTEP İL SAĞLIK MÜDÜRLÜĞÜ HALK SAĞLIĞI LABORATUVARI
177,178,6,GAZİANTEP,ÖZEL GAZİANTEP MEDİKALPARK HASTANESİ
178,179,6,GAZİANTEP,ÖZEL GAZİANTEP ANKA HASTANESİ
179,180,6,GAZİANTEP,ÖZEL GAZİANTEP SEVGİ HASTANESİ
180,181,6,GAZİANTEP,ÖZEL DEVA HASTANESİ
181,182,7,GAZİANTEP,ÖZEL MMT AMERİKAN HASTANESİ
182,183,7,GAZİANTEP,ÖZEL  DEFALIFE HOSPITAL
183,184,9,GAZİANTEP,ÖZEL LİV HOSPİTAL GAZİANTEP HASTANESİ
184,185,9,GAZİANTEP,ÖZEL BOSSAN HOSPİTAL 
185,186,2,GİRESUN,GİRESUN ÜNİVERSİTESİ TIP FAKÜLTESİ TIBBİ MİKROBİYOLOJİ AD
186,187,5,GÜMÜŞHANE,GÜMÜŞHANE DEVLET HASTANESİ
187,188,2,HAKKARİ,HAKKARİ DEVLET HASTANESİ MERKEZ LABORATUVARI
188,189,3,HATAY,HATAY MUSTAFA KEMAL ÜNİVERSİTESİ TIP FAKÜLTESİ TIBBİ MİKROBİYOLOJİ AD. 
189,190,4,HATAY,HATAY DEVLET HASTANESİ MİKROBİYOLOJİ LAB
190,191,5,HATAY,İSKENDERUN DEVLET HASTANESİ MİKROBİYOLOJİ LABORATUVARI
191,192,5,HATAY,İSKENDERUN ÖZEL PALMİYE HASTANESİ
192,193,5,HATAY,ÖZEL İSKENDERUN GELİŞİM HASTANESİ
193,194,6,HATAY,ÖZEL DEFNE HASTANESİ 
194,195,7,HATAY-KIRIKHAN,KIRIKHAN DEVLET HASTANESİ
195,196,5,IĞDIR,IĞDIR DEVLET HASTANESİ
196,197,2,ISPARTA,ISPARTA İL SAĞLIK MÜDÜRLÜĞÜ HALK SAĞLIĞI LABORATUVARI 
197,198,4,ISPARTA,SÜLEYMAN DEMİREL ÜNİVERSİTESİ ARAŞTIRMA VE UYGULAMA HASTANESİ TIBBİ MİKROBİYOLOJİ LABORATUVARI
198,199,1,İSTANBUL,İSTANBUL İL SAĞLIK MÜDÜRLÜĞÜ 1 NOLU HALK SAĞLIĞI LABORATUVARI
199,200,1,İSTANBUL,İSTANBUL BAKIRKÖY DR. SADİ KONUK EĞİTİM ARAŞTIRMA HASTANESİ MOLEKÜLER MİKROBİYOLOJİ LABORATUVARI
200,201,1,İSTANBUL,MARMARA ÜNİVERSİTESİ İSTANBUL PENDİK EĞİTİM VE ARAŞTIRMA HASTANESİ MİKROBİYOLOJİ LABORATUVARI
201,202,1,İSTANBUL,İSTANBUL SBÜ HAMİDİYE ŞİŞLİ ETFAL EĞİTİM VE ARAŞTIRMA HASTANESİ
202,203,1,İSTANBUL,SULTANGAZİ HASEKİ EĞİTİM ARAŞTIRMA HASTANESİ
203,204,1,İSTANBUL,FSM KUZEY LABORATUVARI
204,205,1,İSTANBUL,İSTANBUL ÜNİVERSİTESİ İSTANBUL TIP FAKÜLTESİ VİROLOJİ VE TEMEL İMMİNOLOJİ BİLİM DALI
205,206,2,İSTANBUL,MEDİPOL ÜNİVERSİTESİ GENETİK HASTALIKLARI TANI MERKEZİ
206,207,2,İSTANBUL,ACIBADEM LABMED LABORATUVARLARI
207,208,2,İSTANBUL,BEZMİALEM VAKIF ÜNİVERSİTESİ ÜNİVERSİTESİ TIP FAKÜLTESİ TIBBİ MİKROBİYOLOJİ LABORATUVARI
208,209,2,İSTANBUL,ŞİŞLİ FLORENCE NIGHTINGALE HASTANESİ ENFEKSİYON HASTALIKLARI VE KLİNİK MİKROBİYOLOJL AD.
209,210,2,İSTANBUL,İSTANBUL ÜNİVERSİTESİ-CERRAHPAŞA CERRAHPAŞA TIP FAKÜLTESİ TIBBİ MİKROBİYOLOJİ AD.
210,211,3,İSTANBUL,BİRUNİ ÜNİVERSİTES HASTANESİ MERKEZ LABORATUVARI
211,212,3,İSTANBUL,TUSEB ÜMRANİYE EĞİTİM VE ARAŞTIRMA HASTANESİ COVİD 19 TANI MERKEZİ 
212,213,4,İSTANBUL,S.B.KARTAL DR. LÜTFİ KIRDAR ŞEHİR HASTANESİ MOLEKÜLER MİKROBİYOLOJİ TANI MERKEZİ
213,214,5,İSTANBUL,SBÜ KANUNİ SULTAN SÜLEYMAN EĞİTİM ve ARAŞTIRMA HASTANESİ
214,215,5,İSTANBUL,SBÜ İSTANBUL SULTAN 2. ABDULHAMİD HAN EĞİTİM ARAŞTIRMA HASTANESİ
215,216,6,İSTANBUL,BAŞAKŞEHİR ÇAM VE SAKURA ŞEHİR HASTANESİ
216,217,4,İSTANBUL,ADLİ TIP KURUMU BAŞKANLIĞI MORG İHTİSAS DAİRESİ – MİKROBİYOLOJİ LABORATUVARI
217,218,4,İSTANBUL,YEDİTEPE ÜNİVERSİTESİ TIP FAKÜLTESİ TIBBİ MİKROBİYOLOJİ LABORATUVARI 
218,219,4,İSTANBUL,İSTİNYE ÜNİVERSİTESİ GENETİK HASTALIKLAR DEĞERLENDİRME MERKEZİ
219,220,4,İSTANBUL,ÖZEL MEDİCANA INTERNATIONAL İSTANBUL HASTANESİ MERKEZ LABORATUVARI
220,221,4,İSTANBUL,İSTANBUL MEDENİYET ÜNİVERSİTESİ GÖZTEPE EĞİTİM ARAŞTIRMA HASTANESİ MİKROBİYOLOJİ PCR LABORATUVARI
221,222,4,İSTANBUL,ÜSKÜDAR ÜNİVERSİTESİ ÖZEL NP BEYİN HASTANESİ MİKROBİYOLOJİ LABORATUVARI 
222,223,4,İSTANBUL,KOÇ ÜNİVERSİTESİ HASTANESİ MOLEKÜLER MİKROBİYOLOJİ LABORATUVARI
223,224,5,İSTANBUL,ÖZEL ATAŞEHİR FLORENCE NIGHTINGALE HASTANESİ
224,225,5,İSTANBUL,ÖZEL VEHBİ KOÇ VAKFI AMERİKAN HASTANESİ 
225,226,5,İSTANBUL,ÖZEL MEMORİAL ŞİŞLİ HASTANESİ
226,227,5,İSTANBUL,ÖZEL AHENK LABORATUVARI 
227,228,8,İSTANBUL,ÖZEL GELİŞİM GENETİK HASTALIKLAR DEĞERLENDİRME MERKEZİ
228,229,5,İSTANBUL,ÖZEL MEDİCANA HOSPİTALS ÇAMLICA HASTANESİ
229,230,5,İSTANBUL,ÖZEL MEDİCALPARK GÖZTEPE HASTANESİ
230,231,5,İSTANBUL,ÖZEL MEDIPOL BAHÇELIEVLER HASTANESI
231,232,5,İSTANBUL,ÖZEL SİSTEM TIP LABORATUVARI
232,233,5,İSTANBUL,ÖZEL HİPOKRAT LABORATUVARI
233,234,5,İSTANBUL,ÖZEL DÜZEN LABORATUVARI
234,235,6,İSTANBUL,ÖZEL MEDICANA HOSPİTALS BAHÇELİEVLER 
235,236,6,İSTANBUL,ÖZEL İSTANBUL MEDİCİNE HOSPITAL
236,237,6,İSTANBUL,ÖZEL YENİ İKLİM HASTANESİ
237,238,6,İSTANBUL,ÖZEL MEDİCANA TIP MERKEZİ
238,239,6,İSTANBUL,ÖZEL NİSA HOSPİTAL
239,240,6,İSTANBUL,ÖZEL A HASTANESİ
240,241,6,İSTANBUL,ÖZEL BAĞCILAR MEDİLİFE
241,242,6,İSTANBUL,ÖZEL DUYGU HASTANESİ
242,243,6,İSTANBUL,ÖZEL AVİCENNA ESENLER HASTANESİ
243,244,6,İSTANBUL,ÖZEL GÖZTEPE HASTANESİ
244,245,6,İSTANBUL,ÖZEL DNA LABORATUVARI GENETİK HASTALIKLARI TANI MERKEZİ
245,246,6,İSTANBUL,ÖZEL NİŞANTAŞI HASTANESİ
246,247,6,İSTANBUL,ÖZEL BÜYÜKÇEKMECE KOLAN HOSPİTAL
247,248,6,İSTANBUL,ÖZEL YENİBOSNA SAFA HASTANESİ
248,249,6,İSTANBUL,ÖZEL LES MİKROGEN GENETİK HASTALIKLARI TANI MERKEZİ
249,250,6,İSTANBUL,ÖZEL ETHİCA İNCİRLİ HASTANESİ
250,251,5,İSTANBUL,ÖZEL MEMORİAL BAHÇELİEVLER
251,252,5,İSTANBUL,ÖZEL BİRUNİ GENETİK HASTALIKLAR TANI MERKEZİ
252,253,5,İSTANBUL,ÖZEL CENTRO LABORATUVARI
253,254,5,İSTANBUL,ÖZEL MEDİPOL MEGA HASTANELER KOMPLEKSİ
254,255,5,İSTANBUL,ŞİŞLİ INTERNATİONAL KOLAN HASTANESİ
255,256,5,İSTANBUL,ÖZEL EMSEY HOSPİTAL HASTANESİ
256,257,5,İSTANBUL,ÖZEL OKAN ÜNİVERSİTESİ SAĞLIK UYGULAMA VE ARAŞTIRMA MERKEZİ
257,258,5,İSTANBUL,ÖZEL HİSAR İNTERCONTİNENTAL HASTANESİ
258,259,5,İSTANBUL,ÖZEL NGC GENETİK HASTALIKLAR TANI MERKEZİ
259,260,5,İSTANBUL,ÖZEL SYNEVO TIBBİ TAHLİL LABORATUVARI
260,261,5,İSTANBUL,ÖZEL DATALAB TIBBİ TAHLİL LABORATUVARI
261,262,5,İSTANBUL,ÖZEL EKO GLOBAL LABORATUVARI
262,263,5,İSTANBUL,ÖZEL ULTRALAB TANI LABORATUVARI
263,264,5,İSTANBUL,ÖZEL E-LAB LABORATUVARI
264,265,5,İSTANBUL,ÖZEL GENETİKS GENETİK HASTALIKLARI TANI MERKEZİ 
265,266,5,İSTANBUL,ÖZEL SİLİVRİ ANADOLU HASTANESİ
266,267,5,İSTANBUL,ÖZEL AİLE HASTANESİ
267,268,5,İSTANBUL,ÖZEL VM MEDİCAL PARK PENDİK HASTANESİ
268,269,5,İSTANBUL,SAĞLIK BAKANLIĞI ÜNİVERSİTESİ TEKNOLOJİ GELİŞTİRME BÖLGESİ SAĞLIK TEKNOLOJİLERİ A.Ş.(TEKNOPOL İSTANBUL)
269,270,6,İSTANBUL,ÖZEL NESİLLER GENETİK HASTALIKLAR TANI MERKEZİ
270,271,6,İSTANBUL,ÖZEL CİHANGİR TIBBİ TAHLİL LABORATUVARI
271,272,6,İSTANBUL,ÖZEL GÜNEŞLİ ERDEM HASTANESİ
272,273,6,İSTANBUL,ÖZEL DONEGEN GENETİK HAST.DEĞERLENDİRME MERKEZİ
273,274,6,İSTANBUL,ÖZEL AVİCENNA HASTANESİ ATAŞEHİR MERKEZİ LABORATUVARI
274,275,6,İSTANBUL,ÖZEL MEDİCANA KADIKÖY
275,276,6,İSTANBUL,YENİYÜZYIL ÜNİVERSİTESİ ÖZEL GAZİOSMANPAŞA HASTANESİ
276,277,6,İSTANBUL,ÖZEL YEDİKULE SURP PİRGİÇ ERMENİ HASTANESİ
277,278,6,İSTANBUL,ÖZEL PREMED GENETİK HASTALIKLAR TANI MERKEZİ 
278,279,6,İSTANBUL,ÖZEL ÜMRAN TIP MERKEZİ
279,280,6,İSTANBUL,ÖZEL PENDİK BÖLGE HASTANESİ
280,281,6,İSTANBUL,ÖZEL MEDİCALPARK BAHÇELİEVLER HASTANESİ
281,282,6,İSTANBUL,ÖZEL BEYLİKDÜZÜ MEDİLİFE HASTANESİ
282,283,6,İSTANBUL,İSTİNYE ÜNİVERSİTESİ SAĞLIK UYGULAMA VE ARAŞTIRMA MERKEZİ (GAZİOSMANPAŞA)
283,284,6,İSTANBUL,TÜRK KIZILAY ÖZEL KARTAL HASTANESİ
284,285,6,İSTANBUL,ÖZEL ADATIP KUTRKÖY HASTANESİ
285,286,6,İSTANBUL,ÖZEL DOĞAN HASTANESİ
286,287,6,İSTANBUL,ÖZEL AVRASYA HASTANESİ
287,288,6,İSTANBUL,ÖZEL OTA-JİNEMED HASTANESİ
288,289,6,İSTANBUL,ÖZEL İSTANBUL MEDİPOL HASTANESİ
289,290,7,İSTANBUL,ÖZEL MEDİHAUS CERRAHİ TIP MERKEZİ
290,291,7,İSTANBUL,ÖZEL VİROMED MERKEZİ LABORATUVARI
291,292,7,İSTANBUL,ÖZEL BEYKENT HASTANESİ
292,293,7,İSTANBUL,ÖZEL ERDEM HASTANESİ
293,294,7,İSTANBUL,ÖZEL DERİNDERE HASTANESİ
294,295,7,İSTANBUL,ÖZEL MERKEZ LABORATUVARI
295,296,7,İSTANBUL,ÖZEL MEDISTATE KAVACIK HASTANESİ
296,297,7,İSTANBUL,İSTİNYE ÜNİVERSİTESİ SAĞLIK UYGULAMA ve ARAŞTIRMA  MERKEZİ
297,298,7,İSTANBUL,ÖZEL BİLGİ GENETİK HASTALIKLAR DEĞERLENDİRME MERKEZİ
298,299,7,İSTANBUL,ÖZEL REYAP İSTANBUL HASTANESİ
299,300,7,İSTANBUL,ÖZEL MEDİPOİNT TIP MERKEZİ
300,301,7,İSTANBUL,ÖZEL GENLAB TIBBİ TAHLİL LABORATUVARI
301,302,7,İSTANBUL,ÖZEL ÖRNEK TIP MERKEZİ
302,303,7,İSTANBUL,ÖZEL MEDHOME TIBBİ TAHLİL LABORATUVARI
303,304,7,İSTANBUL,ÖZEL GENKLİNİK GENETİK HASTALIKLARI TANI MERKEZİ
304,305,7,İSTANBUL,ÖZEL AVRASYA HASTANESİ GAZİOSMANPAŞA
305,306,7,İSTANBUL,MALTEPE ÜNİVERSİTESİ TIP FAKÜLTESİ HASTANESİ
306,307,7,İSTANBUL,ÖZEL FLORYA HASTANESİ
307,308,7,İSTANBUL,ÖZEL PENDİK BAYPARK HASTANESİ
308,309,7,İSTANBUL,ÖZEL BAYPARK HASPİTAL HASTANESİ
309,310,7,İSTANBUL,ÖZEL İSTANBUL ŞAFAK HASTANESİ
310,311,7,İSTANBUL,ÖZEL İSTANBUL BÖLGE HASTANESİ
311,312,7,İSTANBUL,ÖZEL MELTEM HASTANESİ VE DOĞUM HASTANESİ
312,313,7,İSTANBUL,ÖZEL ASYA HASTANESİ
313,314,7,İSTANBUL,ÖZEL MAVİ TIP LABORATUVARI BEYKENT
314,315,7,İSTANBUL,ÖZEL GSM GİSBİR SAĞLIK MERKEZİ HASTANESİ
315,316,8,İSTANBUL,ÖZEL REFERANS LABORATUVARI
316,317,8,İSTANBUL,ÖZEL UMUT TIBBİ TAHLİL LABORATUVARI
317,318,7,İSTANBUL,ÖZEL RAMİ HASTANESİ
318,319,8,İSTANBUL,ÖZEL YAŞAR HASTANESİ
319,320,8,İSTANBUL,ÖZEL SYNLAB KOZYATAĞI TIBBİ TAHLİL LABORATUVARI
320,321,9,İSTANBUL,AYDIN ÜNİVERSİTESİ SAĞLIK UYGULAMA VE ARAŞTIRMA MERKEZİ
321,322,9,İSTANBUL,ÖZEL SANTE PLUS HASTANESİ
322,323,9,İSTANBUL,ÖZEL MEDİKALİSTANBUL HASTANESİ
323,324,9,İSTANBUL,ÖZEL TRG HOSPİTALİST HASTANESİ
324,325,9,İSTANBUL,ÖZEL FENERYOLU GELİŞİM TIP LABORATUVARI
325,326,9,İSTANBUL,ÖZEL İSTANBUL TEMA HASTANESİ
326,327,9,İSTANBUL,ÖZEL ŞAFAK HASTANESİ BAĞCILAR
327,328,9,İSTANBUL,ÖZEL SAYDAM TANI LABORATUVARI
328,329,9,İSTANBUL,ÖZEL MEDİCANA ATAŞEHİR HASTANESİ
329,330,9,İSTANBUL,ÖZEL YAŞAM TIBBİ TAHLİL LABORATUVARI
330,331,9,İSTANBUL,ÖZEL İSTANBUL CERRAHİ HASTANESİ
331,332,9,İSTANBUL,ÖZEL TETRA TIP LABORATUVARI
332,333,9,İSTANBUL,ÖZEL ANT TANI MİKROBİYOLOJİ LABORATUVARI
333,334,9,İSTANBUL,ÖZEL GENLAB TIBBİ TAHLİL LABORATUVARI
334,335,9,İSTANBUL,ÖZEL GALEN TIBBİ MİKROBİYOLOJİ TAHLİL LABORATUVARI
335,336,9,İSTANBUL,ÖZEL MAVİ TIP LABORATUVARI
336,337,9,İSTANBUL,ÖZEL VM MEDİCALPARK MALTEPE HASTANESİ
337,338,9,İSTANBUL,ÖZEL ÇAPA HASTANESİ
338,339,9,İSTANBUL,ÖZEL METAGENTECH GENETİK HASTALIKLARI DEĞERLENDİRME MERKEZİ
339,340,9,İSTANBUL,ÖZEL FATİH HASTANESİ
340,341,1,İZMİR,İZMİR İL SAĞLIK MÜDÜRLÜĞÜ HALK SAĞLIĞI LABORATUVARI
341,342,1,İZMİR,İZMİR  TEPECİK EĞİTİM VE ARAŞTIRMA HASTANESİ
342,343,2,İZMİR,DOKUZ EYLÜL ÜNİVERSİTESİ TIP FAKÜLTESİ MERKEZ LABORATUVARI
343,344,2,İZMİR,EGE ÜNİVERSİTESİ TIP FAKÜLTESİ TIBBİ MİKROBİYOLOJİ AD.
344,345,8,İZMİR,BORNOVA TÜRKAN ÖZİLHAN DEVLET HASTANESİ
345,346,3,İZMİR,SBÜ.İZMİR BOZYAKA EAH
346,347,5,İZMİR,İZMİR MEDİCALPARK HASTANESİ
347,348,5,İZMİR,İZMİR ÖZEL TINAZTEPE HASTANESİ
348,349,5,İZMİR,ÖZEL TALATPAŞA TIBBİ MİKROBİYOLOJİ LABORATUVARI BAYRAKLI ŞUBESİ
349,350,5,İZMİR,ÖZEL BİOLAB TIBBİ MİKROBİYOLOJİ VE BİYOKİMYA LABORATUVARI ALSANCAK ŞUBESİ MERKEZ LABORATUVARI
350,351,5,İZMİR,ÖZEL İZMİR EGE TIBBİ BİYOKİMYA MİKROBİYOLOJİ PATOLOJİ LABORATUVARI
351,352,5,İZMİR,ÖZEL EGE ŞEHİR HASTANESİ MERKEZ LABORATUVARI
352,353,5,İZMİR,ÖZEL EGEPOL CERRAHİ HASTANESİ MİKROBİYOLOJİ LABORATUVARI
353,354,5,İZMİR,ÖZEL EKOGLOBAL TIBBİ MİKROBİYOLOJİ LABORATUVARI
354,355,5,İZMİR,İZMİR ÖZEL CAN HASTANESİ
355,356,6,İZMİR,BAKIRÇAY ÜNİVERSİTESİ ÇİĞLİ BEAH
356,357,6,İZMİR,İZMİR KATİP ÇELEBİ ÜNİVERSİTESİ ATATÜRK EĞİTİM VE ARASTIRMA HASTANESİ
357,358,6,İZMİR,S.B.Ü. DR. BEHÇET UZ ÇOCUK HASTALIKLARI VE CERRAHİSİ EĞİTİM VE ARAŞTIRMA HASTANESİ
358,359,6,İZMİR,TORBALI DEVLET HASTANESİ
359,360,6,İZMİR,ÖZEL SU HOSPİTAL HASTANESİ
360,361,6,İZMİR,ÖZEL EGE İNCİ CERRAHİ TIP MERKEZİ
361,362,6,İZMİR,ÖZEL KENT HASTANESİ
362,363,6,İZMİR,ÖZEL ERBAYRAKTAR TIBBİ MERKEZİ LABORATUVARI
363,364,6,İZMİR,ÖZEL MEDICANA INTERNATIONAL İZMİR HASTANESİ 
364,365,6,İZMİR,ÖZEL ERBAYRAKTAR TIBBİ MERKEZİ LABORATUVARI
365,366,6,İZMİR,ÖZEL SAĞLIK HASTANESİ
366,367,7,İZMİR,ÖZEL BATI ANADOLU CENTRAL HOSPITAL
367,368,7,İZMİR,ÖZEL PARK TIP MERKEZİ
368,369,8,İZMİR,ÖZEL MULTİGEN GENETİK HASTALIKLAR DEĞERLENDİRME MERKEZİ
369,370,8,İZMİR,ÖZEL GENTAN GENETİK HASTALIKLAR DEĞERLENDİRME MERKEZİ
370,371,9,İZMİR,ÖZEL TINAZTEPE GALEN HASTANESİ 
371,372,6,İZMİR-ALİAĞA,İZMİR ALİAĞA DEVLET HASTANESİ
372,373,5,İZMİR-MENEMEN,ÖZEL YAŞAM SAĞLIK TIP MERKEZİ TIBBİ MERKEZİ LABORATUVARI
373,374,5,İZMİR-TORBALI,ÖZEL MEDİFEMA HASTANESİ
374,375,8,İZMİR-TORBALI,ÖZEL TINAZTEPE TORBALI HASTANESİ
375,376,2,KAHRAMANMARAŞ,KAHRAMANMARAŞ NECİP FAZIL ŞEHİR HASTANESİ MERKEZ LABORATUVARI
376,377,3,KAHRAMANMARAŞ,KAHRAMANMARAŞ SÜTÇÜ İMAM ÜNİVERSİTESİ TIP FAKÜLTESİ TIBBİ MİKROBİYOLOJİ AD
377,378,6,KAHRAMANMARAŞ,KAHRAMANMARAŞ ELBİSTAN DEVLET HASTANESİ
378,379,2,KARABÜK,KARABÜK İL SAĞLIK MÜDÜRLÜĞÜ HALK SAĞLIĞI LABORATUVARI
379,380,8,KARABÜK,KARABÜK ÜNİVERSİTESİ EĞİTİM VE ARAŞTIRMA HASTANESİ 
380,381,3,KARAMAN,KARAMAN EĞİTİM ARAŞTIRMA HASTANESİ
381,382,2,KARS,KAFKAS ÜNİVERSİTESİ TIP FAKÜLTESİ TIBBİ MİK. AD.
382,383,3,KASTAMONU,KASTAMONU DEVLET HASTANESİ TIBBİ MİKROBİYOLOJİ AD.
383,384,1,KAYSERİ,KAYSERİ ŞEHİR EĞİTİM ARAŞTIRMA HASTANESİ MİKROBİYOLOJİ LABORATUVARI 
384,385,2,KAYSERİ,ERCİYES ÜNİVERSİTESİ TIP FAKÜLTESİ TIBBİ MİKROBİYOLOJİ AD.
385,386,5,KAYSERİ,KAYSERİ DEVLET HASTANESİ MİKROBİYOLOJİ PCR LABORATUVARI
386,387,5,KAYSERİ,SYSTEM HOSPİTAL MİKROBİYOLOJİ LABORATUVARI
387,388,5,KAYSERİ,ÖZEL MELİKGAZİ HASTANESİ TIBBİ MİKROBİYOLOJİ LABORATUVARI
388,389,5,KAYSERİ,ÖZEL MEDİCAL PALACE  HASTANESİ 
389,390,5,KAYSERİ,ÖZEL MEMORIAL KAYSERİ HASTANESİ
390,391,5,KAYSERİ,ÖZEL DETA-GEN GENETİK TANI MERKEZİ
391,392,9,KAYSERİ,ÖZEL ANALİZ TIBBİ MİKROBİYOLOJİ TAHLİL LABORATUVARI
392,393,2,KIRIKKALE,KIRIKKALE ÜNİVERSİTESİ TIP FAKÜLTESİ ENFEKSİYON HASTALIKLARI VE KLİNİK MİKROBİYOLOJİ LABORATUVARI
393,394,9,KIRIKKALE,KIRIKKALE YÜKSEK İHTİSAS HASTANESİ
394,395,5,KIRKLARELİ,KIRKLARELİ EĞİTİM ARAŞTIRMA HASTANESİ
395,396,7,KIRKLARELİ-LÜLEBURGAZ,KIRKLARELİ LÜLEBURGAZ DEVLET HASTANESİ
396,397,2,KIRŞEHİR,KIRŞEHİR EĞİTİM ARAŞTIRMA HASTANESİ TIBBİ MİKROBİYOLOJİ LABORATUVARI
397,398,3,KİLİS,KİLİS HALK SAĞLIĞI LABORATUVARI
398,399,2,KOCAELİ,KOCAELİ İL SAĞLIK MÜDÜRLÜĞÜ HALK SAĞLIĞI LABORATUVARI
399,400,2,KOCAELİ,KOCAELİ ÜNİVERSİTESİ TIP FAKÜLTESİ TIBBİ MİKROBİYOLOJİ AD.
400,401,6,KOCAELİ,ÖZEL CİHAN HASTANESİ
401,402,9,KOCAELİ,ÖZEL KONAK HASTANESİ
402,403,9,KOCAELİ,ÖZEL MEDAR GÖLCÜK HASTANESİ
403,404,5,KOCAELİ-BAŞİSKELE,ÖZEL KOCAELİ HASTANESİ
404,405,6,KOCAELİ-DARICA,SBÜ DARICA FARABİ EĞİTİM ARAŞTIRMA HASTANESİ
405,406,7,KOCAELİ-DERİNCE,S.B.Ü. DERİNCE EĞİTİM ARAŞTIRMA HASTANESİ
406,407,4,KOCAELİ-GEBZE,TUSEB GEBZE TEKNİK ÜNİVERSİTESİ COVİD 19 TANI LABORATUVARI
407,408,5,KOCAELİ-GEBZE,ÖZEL GEBZE MERKEZ PRİME HASTANESİ
408,409,5,KOCAELİ-GEBZE,ÖZEL ANADOLU SAĞLIK MERKEZİ HASTANESİ
409,410,6,KOCAELİ-GEBZE,GEBZE ÖZEL YÜZYIL HASTANESİ
410,411,6,KOCAELİ-GEBZE,ÖZEL MEDİCALPARK GEBZE HASTANESİ
411,412,1,KONYA,SELÇUK ÜNİVERSİTESİ TIP FAKÜLTESİ  TIBBİ MİKROBİYOLOJİ AD.
412,413,2,KONYA,S.B.Ü. KONYA EĞİTİM VE ARAŞTIRMA HASTANESİ MERKEZ LABORATUVARI 
413,414,3,KONYA,NECMETTİN ERBAKAN ÜNİVERSİTESİ MERAM TIP FAKÜLTESİ TIBBİ MİKROBİYOLOJİ MOLEKÜLER LABORATUVARI 
414,415,5,KONYA,KONYA ŞEHİR HASTANESİ MERKEZ LABORATUVARI
415,416,5,KONYA,KONYA NUMUNE HASTANESİ
416,417,9,KONYA,KONYA BEYHEKİM EĞİTİM ARAŞTIRMA HASTANESİ
417,418,5,KONYA,ÖZEL MEDOVA HASTANESİ TIBBİ MİKROBİYOLOJİ LABORATUVARI 
418,419,6,KONYA,ÖZEL MEDİCANA KONYA HASTANESİ 
419,420,1,KÜTAHYA,KÜTAHYA SAĞLIK BİLİMLERİ ÜNİVERSİTESİ EVLİYA ÇELEBİ EĞİTİM VE ARAŞTIRMA HASTANESİ
420,421,1,MALATYA,İNÖNÜ ÜNİVERSİTESİ TIP FAKÜLTESİ MİKROBİYOLOJİ LABORATUVARI 
421,422,5,MALATYA,MALATYA EĞİTİM ARAŞTIRMA HASTANESİ MERKEZ LABORATUVARI
422,423,6,MALATYA,ÖZEL GÖZDEAKADEMİ HASTANESİ
423,424,3,MANİSA,CELAL BAYAR ÜNİVERSİTESİ TIP FAKÜLTESİ MİKROBİYOLOJİ AD. 
424,425,6,MANİSA,MANİSA HALK SAĞLIĞI LABORATUVARI
425,426,6,MANİSA,MANİSA ŞEHİR HASTANESİ 
426,427,7,MANİSA-SALİHLİ,MANİSA SALİHLİ DEVLET HASTANESİ
427,428,6,MANİSA-SOMA,ÖZEL MEDİGÜN HASTANESİ
428,429,4,MARDİN,MARDİN DEVLET HASTANESİ MERKEZ LABORATUVARI
429,430,1,MERSİN,MERSİN ŞEHİR HASTANESİ MERKEZ LABORATUVARI
430,431,3,MERSİN,MERSİN ÜNİVERSİTESİ TIP FAKÜLTESİ TIBBİ MİKROBİYOLOJİ AD. 
431,432,5,MERSİN,ÖZEL VM MEDİCALPARK MERSİN HASTANESİ
432,433,6,MERSİN,MERSİN HALK SAĞLIĞI LABORATUVARI
433,434,8,MERSİN,ÖZEL YENİŞEHİR HASTANESİ
434,435,9,MERSİN,TOROS DEVLET HASTANESİ
435,436,6,MERSİN-SİLİFKE,SİLİFKE DEVLET HASTANESİ
436,437,5,MERSİN-TARSUS,TARSUS DEVLET HASTANESİ MERKEZ LABORATUVARI
437,438,2,MUĞLA,MUĞLA SITKI KOÇMAN ÜNİVERSİTESİ EĞİTİM VE ARAŞTIRMA HASTANESİ  MOLEKÜLER MİKROBİYOLOJİ LABORATUVARI
438,439,8,MUĞLA,ÖZEL YÜCELEN HASTANESİ
439,440,8,MUĞLA-BODRUM,BODRUM DEVLET HASTANESİ
440,441,5,MUĞLA-BODRUM,ÖZEL BODRUM AMERİKAN HASTANESİ 
441,442,5,MUĞLA-BODRUM,ÖZEL ACIBADEM BODRUM HASTANESİ
442,443,6,MUĞLA-BODRUM,ÖZEL ÖZCAN TIBBİ TAHLİL LABORATUVARI 
443,444,7,MUĞLA-BODRUM,ÖZEL BODRUM TIP LABORATUVARI
444,445,9,MUĞLA-BODRUM,ÖZEL MEDLİFE TIP MERKEZİ 
445,446,9,MUĞLA-BODRUM,ÖZEL LİNA LAB GENETİK HASTALIKLAR DEĞERLENDİRME MERKEZİ
446,447,6,MUĞLA-FETHİYE,FETHİYE DEVLET HASTANESİ
447,448,8,MUĞLA-FETHİYE,ÖZEL LOKMAN HEKİM ESNAF HASTANESİ
448,449,9,MUĞLA-FETHİYE,ÖZEL LETOON HOSPİTAL 
449,450,9,MUĞLA-MARMARİS,MARMARİS DEVLET HASTANESİ
450,451,5,MUĞLA-MARMARİS,ÖZEL AHU HASTANESİ
451,452,5,MUĞLA-MARMARİS,ÖZEL BOYUT TIBBİ TAHLİL LABORATUVARI
452,453,5,MUĞLA-MİLAS,75.YIL MİLAS DEVLET HASTANESİ MİKROBİYOLOJİ LABORATUVARI
453,454,5,MUĞLA-MİLAS,ÖZEL ÖNDER SAĞLIK HİZMETLERİ MİKROBİYOLOJİ TIP LABORATUVARI
454,455,5,MUĞLA-ORTACA,ORTACA DEVLET HASTANESİ MERKEZ LABORATUVARI
455,456,3,MUŞ,MUŞ DEVLET HASTANESİ 
456,457,7,MUŞ,ÖZEL MUŞ ŞİFA HASTANESİ
457,458,5,NEVŞEHİR,NEVŞEHİR DEVLET HASTANESİ MERKEZ LABORATUVARI
458,459,5,NEVŞEHİR,ÖZEL KAPADOKYA HASTANESİ MERKEZ LABORATUVARI
459,460,5,NEVŞEHİR,ÖZEL VERSA HASTANESİ MERKEZ LABORATUVARI
460,461,3,NİĞDE,NİĞDE ÖMER HALİSDEMİR ÜNİVERSİTESİ EĞİTİM VE ARAŞTIRMA HASTANESİ
461,462,3,ORDU,ORDU HALK SAĞLIĞI LABORATUVARI 
462,463,7,ORDU,ÖZEL MEDİCALPARK ORDU HASTANESİ
463,464,7,ORDU,ÖZEL ORDU UMUT HASTANESİ
464,465,8,ORDU-FATSA,FATSA DEVLET HASTANESİ
465,466,4,OSMANİYE,OSMANİYE DEVLET HASTANESİ MERKEZ MİKROBİYOLOJİ LABORATUVARI 
466,467,7,OSMANİYE,ÖZEL İBNİ SİNA HASTANESİ
467,468,7,OSMANİYE,OSMANİYE ÖZEL YENİHAYAT HASTANESİ
468,469,1,RİZE,SB.RECEP TAYYİP ERDOĞAN ÜNİVERSİTESİ EĞİTİM ARAŞTIRMA HASTANESİ TIBBİ MİKROBİYOLOJİ AD 
469,470,9,RİZE,ÖZEL GÖZLEM TIP LABORATUVARI
470,471,2,SAKARYA,SAĞLIK BAKANLIĞI SAKARYA ÜNİVERSİTESİ EĞİTİM VE ARAŞTIRMA HASTANESİ MERKEZ KAMPÜSÜ  TIBBİ MİKROBİYOLOJİ LABORATUVARI 
471,472,5,SAKARYA,SAĞLIK BAKANLIĞI SAKARYA ÜNİVERSİTESİ EĞİTİM VE ARAŞTIRMA HASTANESİ KORUCUK KAMPÜSÜ TIBBİ MİKROBİYOLOJİ LABORATUVARI
472,473,9,SAKARYA, ÖZEL ADALAB TIP LABORATUVARI 
473,474,4,SAMSUN,ONDOKUZ MAYIS ÜNİVERSİTESİ TIP FAKÜLTESİ TIBBİ MİKROBİYOLOJİ AD.
474,475,1,SAMSUN,SAMSUN İL SAĞLIK MÜDÜRLÜĞÜ HALK SAĞLIĞI LABORATUVARI
475,476,5,SAMSUN,SAMSUN SAĞLIK BİLİMLERİ ÜNİVERSİTESİ EĞİTİM ARAŞTIRMA HASTANESİ
476,477,7,SAMSUN-ÇARŞAMBA,ÇARŞAMBA DEVLET HASTANESİ
477,478,5,SAMSUN,ÖZEL LIV HOSPİTAL
478,479,5,SAMSUN,ÖZEL MEDİCANA HASTANESİ 
479,480,5,SAMSUN,ÖZEL ATASAM TIP MERKEZİ
480,481,6,SAMSUN,ÖZEL VM MEDİCALPARK SAMSUN HASTANESİ
481,482,6,SAMSUN,ÖZEL SAMSUN BÜYÜK ANADOLU HASTANESİ
482,483,8,SAMSUN-BAFRA,BAFRA DEVLET HASTANESİ
483,484,5,SİİRT,SİİRT EĞİTİM ARAŞTIRMA HASTANESİ MİKROBİYOLOJİ LABORATUVARI
484,485,3,SİNOP,SİNOP ATATÜRK DEVLET HASTANESİ MERKEZ LABORATUVARI
485,486,1,SİVAS,SİVAS CUMHURİYET ÜNİVERSİTESİ TIP FAKÜLTESİ TIBBİ MİKROBİYOLOJİ AD
486,487,4,SİVAS,SİVAS NUMUNE HASTANESİ MİKROBİYOLOJİ LABORATUVARI 
487,488,6,SİVAS,ÖZEL MEDİCANA SİVAS HASTANESİ  
488,489,3,ŞANLIURFA,ŞANLIURFA MEHMET AKİF İNAN EĞİTİM ARAŞTIRMA HASTANESİ
489,490,4,ŞANLIURFA,HARRAN ÜNİVERSİTESİ ARAŞTIRMA VE UYGULAMA HASTANESİ TIBBİ MİKROBİYOLOJİ LABORATUVARI
490,491,7,ŞANLIURFA,ŞANLIURFA EĞİTİM ARAŞTIRMA HASTANESİ
491,492,7,ŞANLIURFA,ÖZEL URFA LOTUS HASTANESİ
492,493,5,ŞIRNAK,CİZRE DR SELAHATTİN CİZRELİOĞLU DEVLET HASTANESİ MİKROBİYOLOJİ LABORATUVARI
493,494,2,TEKİRDAĞ,TEKİRDAĞ NAMIK KEMAL ÜNİVERSİTESİ HASTANESİ MİKROBİYOLOJİ LAB.
494,495,7,TEKİRDAĞ,TEKİRDAĞ DR. İSMAİL FEHMİ CUMALİOĞLU ŞEHİR HASTANESİ
495,496,6,TEKİRDAĞ,ÖZEL TEKİRDAĞ YAŞAM HASTANESİ 
496,497,6,TEKİRDAĞ-ÇERKEZKÖY,ÖZEL OPTİMED HASTANESİ
497,498,5,TEKİRDAĞ-ÇORLU,ÇORLU DEVLET HASTANESİ
498,499,6,TEKİRDAĞ-ÇORLU,ÖZEL REYAP HASTANESİ
499,500,2,TOKAT,TOKAT DEVLET HASTANESİ MERKEZ LABORATUVARI
500,501,9,TOKAT,ÖZEL MEDİCAL PARK TOKAT HASTANESİ
501,502,1,TRABZON,TRABZON KARADENİZ TEKNİK ÜNİVERSİTESİ TIBBİ MİKROBİYOLOJİ AD.
502,503,1,TRABZON,TRABZON KANUNİ EĞİTİM VE ARAŞTIRMA HASTANESİ MERKEZ LABORATUVARI
503,504,9,TRABZON,TRABZON AHİ EVREN GÖĞÜS KALP VE DAMAR CERRAHİSİ EĞİTİM VE ARAŞTIRMA HASTANESİ
504,505,5,TRABZON,ÖZEL 7M HASTANESİ
505,506,5,TRABZON,ÖZEL MEDİCALPARK KARADENİZ HASTANESİ
506,507,6,TRABZON,ÖZEL İMPERYAL HASTANESİ
507,508,9,TRABZON,ÖZEL MEDİCALPARK TRABZON HASTANESİ
508,509,3,TUNCELİ,TUNCELİ HALK SAĞLIĞI LABORATUVARI 
509,510,4,UŞAK,UŞAK HALK SAĞLIĞI LABORATUVARI
510,511,8,UŞAK,ÖZEL KEMALÖZ ÖZTAN HASTANESİ
511,512,3,VAN,VAN YÜZÜNCÜ YIL ÜNİVERSİTESİ TIP FAKÜLTESİ TIBBİ MİKROBİYOLOJİ AD.
512,513,6,VAN,VAN HALK SAĞLIĞI LABORATUVARI
513,514,3,YALOVA,YALOVA DEVLET HASTANESİ
514,515,6,YALOVA,ÖZEL ATAKENT HASTANESİ
515,516,6,YALOVA,ÖZEL YALOVA HASTANESİ
516,517,2,YOZGAT,YOZGAT BOZOK ÜNİVERSİTESİ TIP FAKÜLTESİ SAĞLIK UYGULAMA VE ARAŞTIRMA HASTANESİ 
517,518,6,YOZGAT,YOZGAT HALK SAĞLIĞI LABORATUVARI
518,519,2,ZONGULDAK,ZONGULDAK BÜLENT ECEVİT ÜNİVERSİTESİ TIP FAKÜLTESİ MİKROBİYOLOJİ LABORATUVARI 
519,520,5,ZONGULDAK,ZONGULDAK ATATÜRK DEVLET HASTANESİ
520,521,7,ZONGULDAK-K. EREĞLİ,KARADENİZ EREĞLİ DEVLET HASTANESİ
521,522,6,ZONGULDAK-K. EREĞLİ,ÖZEL KARADENİZ EREĞLİ ECHOMAR HASTANESİ
522,523,8,ZONGULDAK-K. EREĞLİ,ÖZEL EREĞLİ ANADOLU HASTANESİ
