NO,YETKİLENDİRME GRUP NO,İL,KURUM
1,1,ADANA,ADANA İL SAĞLIK MÜDÜRLÜĞÜ HALK SAĞLIĞI LABORATUVARI
2,3,ADANA,ADANA ŞEHİR HASTANESİ
3,5,ADANA,ÇUKUROVA ÜNİVERSİTESİ BALCALI HASTANESİ 
4,5,ADANA,SEYHAN DEVLET HASTANESİ
5,5,ADANA,ÖZEL YAŞAMLAB LABORATUVARI
6,9,ADANA,ÖZEL BİR-LAB LABORATUVARI
7,9,ADANA,ÖZEL ADANA METRO HASTANESİ
8,9,ADANA-YÜREĞİR,YÜREĞİR DEVLET HASTANESİ
9,2,ADIYAMAN,ADIYAMAN EĞİTİM VE ARAŞTIRMA HASTANESİ MİKROBİYOLOJİ LABORATUVARI 
10,6,ADIYAMAN,ÖZEL ADIYAMAN PARK HOSPİTAL
11,2,AFYONKARAHİSAR,AFYONKARAHİSAR SAĞLIK BİLİMLERİ ÜNİVERSİTESİ TIP FAKÜLTESİ TIBBİ MİKROBİYOLOJİ AD
12,5,AFYONKARAHİSAR,AFYONKARAHİSAR DEVLET HASTANESİ
13,6,AFYONKARAHİSAR,AFYONKARAHİSAR ÖZEL PARKHAYAT HASTANESİ
14,4,AĞRI,AĞRI DEVLET HASTANESİ PCR LABORATUVARI
15,3,AKSARAY,AKSARAY EĞİTİM ARAŞTIRMA HASTANESİ MERKEZ LABORATUVARI
16,9,AKSARAY, ÖZEL İNOVA HASTANESİ
17,3,AMASYA,AMASYA ÜNİVERSİTESİ SABUNCUOĞLU ŞEREFEDDİN EĞİTİM ARAŞTIRMA HASTANESİ
18,5,AMASYA-MERZİFON,MERZİFON KARAMUSTAFA PAŞA DEVLET HASTANESİ
19,1,ANKARA,ANKARA ÜNİVERSİTESİ TIP FAKÜLTESİ TIBBİ MİKROBİYOLOJİ AD
20,1,ANKARA,HACETTEPE ÜNİVERSİTESİ HASTANELERİ MERKEZ VE ACİL LABORATUVARLARI 
21,1,ANKARA,GAZİ ÜNİVERSİTESİ TIP FAKÜLTESİ MOLEKÜLER VİROLOJİ LABORATUVARI
22,3,ANKARA,S.B.Ü. DIŞKAPI YILDIRIM BEYAZID EĞİTİM ARAŞTIRMA HASTANESİ
23,3,ANKARA,SB ANKARA EĞİTİM ARAŞTIRMA HASTANESİ TIBBİ MİKROBİYOLOJİ BÖLÜMÜ LABORATUVARI
24,3,ANKARA,AZİZSANCAR ARAŞTIRMA MERKEZİ COVİD-19 TANI MERKEZİ 
25,4,ANKARA,LOKMAN HEKİM TIBBİ HİZMETLER LTD. ŞTİ. ÖZEL ALAB LABORATUVARLARI
26,5,ANKARA,YENİMAHALLE EĞİTİM ARAŞTIRMA HASTANESİ MİKROBİYOLOJİ LABORATUVARI 
27,5,ANKARA,ÖZEL MEDİCALPARK ANKARA HASTANESİ
28,5,ANKARA,MİKROGEN GENETİK HASTALIKLARI TANI MERKEZİ
29,6,ANKARA,S.B. GÜLHANE EĞİTİM VE ARAŞTIRMA HASTANESİ MİKROBİYOLOJİ VE KLİNİK MİKROBİYOLOJİ LABORATUVARI
30,6,ANKARA,ANKARA HALK SAĞLIĞI LABORATUVARI
31,6,ANKARA,INTERGEN GENETİK HASTALIKLAR TANI MERKEZİ
32,6,ANKARA,ÖZEL ZETA LABORATUVARLARI
33,6,ANKARA,ÖZEL HRS ANKARA KADIN HASTANESİ
34,6,ANKARA,ÖZEL ANKARA GENETİK HASTALIKLAR TANI MERKEZİ
35,6,ANKARA,ÖZEL DOĞA TIBBİ LABORATUVARLARI
36,6,ANKARA,ÖZEL OMEGA-PRO GENETİK HASTALIKLARA DEĞERLENDİRME MERKEZİ 
37,6,ANKARA,ÖZEL  MİM  HASTANESİ
38,1,ANKARA,HSGM/ULUSAL İNFLUENZA MERKEZİ VE SOLUNUM YOLLARI VİRÜSLERİ LABORATUVARI
39,2,ANKARA,ANKARA ŞEHİR HASTANESİ MERKEZ LABORATUVARI
40,2,ANKARA,YÜKSEK İHTİSAS ÜNİVERSİTESİ VİROMED LABORATUVARLARI (ANKARA)
41,3,ANKARA,BAŞKENT ANKARA HASTANESİ MERKEZ LABORATUVARI MİKROBİYOLOJİ -PCR 
42,5,ANKARA,TOBB EKONOMİ VE TEKNOLOJİ SAĞLIK EĞİTİMİ UYGULAMA VE ARAŞTIRMA MERKEZİ  HASTANESİ
43,5,ANKARA,ÖZEL KORU  ANKARA HASTANESİ
44,5,ANKARA,DÜZEN LABORATUVARLARI
45,5,ANKARA,ÖZEL MEMORİAL ANKARA HASTANESİ
46,5,ANKARA,ÖZEL SYNLAB LABORATUVARI
47,5,ANKARA,GENOKS GENETİK HASTALIKLAR TANI MERKEZİ
48,5,ANKARA,ÖZEL CLİNLAB LABORATUVARI
49,5,ANKARA,ÖZEL ENA TIBBİ LABORATUVARLARI
50,6,ANKARA,ÖZEL MEDİCANA INTERNATIONAL ANKARA HASTANESİ
51,6,ANKARA,ÖZEL DENGE TIP LABORATUVARI
52,6,ANKARA,ÖZEL ÖZEL TURKLAB LABORATUVARI 
53,6,ANKARA,ÖZEL SYNEVO LABORATUVARI 
54,6,ANKARA,ÖZEL AVİCENNA TIBBİ LABORATUVARI
55,6,ANKARA,ÖZEL ANKARA UMUT HASTANESİ
56,6,ANKARA,ÖZEL LÖSANTE ÇOCUK VE YETİŞKİN HASTANESİ 
57,6,ANKARA,ÖZEL SANATORYUM TIP MERKEZİ
58,6,ANKARA,ÖZEL BİLGİ HASTANESİ
59,6,ANKARA,ÖZEL DEREN LABORATUVARI
60,7,ANKARA,ÖZEL ANKARA CERRAHİ TIP MERKEZİ
61,7,ANKARA,ÖZEL FİZYOCARE TIP MERKEZİ
62,9,ANKARA,ÖZEL ORTADOĞU HASTANESİ İVEDİK CAD. NO:61 YENİMAHALLE/ANKARA
63,8,ANKARA,ÖZEL ENGİNGRUP GENETİK HASTALIKLAR DEĞERLENDİRME MERKEZİ
64,9,ANKARA,ÖZEL AD GROUP GENETİK HASTALIKLAR DEĞERLENDİRME MERKEZİ
65,1,ANTALYA,ANTALYA İL SAĞLIK MÜDÜRLÜĞÜ HALK SAĞLIĞI LABORATUVARI
66,2,ANTALYA,ANTALYA EĞİTİM ARAŞTIRMA HASTANESİ TIBBİ MİKROBİYOLOJİ LABORATUVARI
67,5,ANTALYA,ÖZEL ŞELALE TIP MERKEZİ
68,5,ANTALYA,TOSUN TIBBİ TAHLİLLER LABORATUVARI
69,3,ANTALYA,AKDENİZ ÜNİVERSİTESİ TIP FAKÜLTESİ HASTANESİ MERKEZ LABORATUVARI
70,5,ANTALYA,ÖZEL ANTALYA MEDİCALPARK HASTANE KOMPLEKSİ LABORATUVARI
71,5,ANTALYA,ÖZEL AKDENİZ SAĞLIK VAKFI (ASV) Yaşam Hastanesi
72,5,ANTALYA,ÖZEL OFM ANTALYA HASTANESİ
73,5,ANTALYA,ÖZEL ANTALYA TIP MERKEZİ
74,5,ANTALYA, ÖZEL ANTALYA ANADOLU HASTANESİ 
75,5,ANTALYA,ÖZEL LARA ANADOLU HASTANESİ
76,5,ANTALYA,ÖZEL ALANYA ANADOLU HASTANESİ
77,5,ANTALYA,ÖZEL SİDE ANADOLU HASTANESİ
78,5,ANTALYA,ÖZEL AKDENİZ ŞİFA HASTANESİ
79,6,ANTALYA,ÖZEL MEDSTAR ANTALYA HASTANESİ
80,6,ANTALYA,ÖZEL OLİMPOS HASTANESİ 
81,6,ANTALYA,ÖZEL ANTALYA GENETİK HASTALIKLARI TANI MERKEZİ
82,7,ANTALYA,ÖZEL ŞELALE TERMESSOS HASTANESİ
83,9,ANTALYA,ÖZEL RICH HOSPİTAL HASTANESİ 
84,6,ANTALYA,ANTALYA KEPEZ DEVLET HASTANESİ
85,8,ANTALYA -MANAVGAT,MANAVGAT DEVLET HASTANESİ
86,5,ANTALYA -MANAVGAT,ÖZEL AKDENİZ HASTANESİ
87,9,ANTALYA -MANAVGAT,ÖZEL MANAVGAT ESLEM HASTANESİ
88,3,ANTALYA-ALANYA,ALAADDİN KEYKUBAT ÜNİVERSİTESİ ALANYA EĞİTİM ARAŞTIRMA HASTANESİ MERKEZ LABORATUVARI
89,5,ANTALYA-ALANYA,BAŞKENT ÜNİVERSİTESİ ALANYA UYGULAMA VE ARAŞTIRMA MERKEZİ
90,6,ANTALYA-FİNİKE,FİNİKE DEVLET HASTANESİ
91,9,ANTALYA-SERİK,ÖZEL ASPENDOS ANADOLU HASTANESİ
92,9,ANTALYA-KEMER,ÖZEL ANADOLU HASTANESİ
93,9,ANTALYA-KORKUTELİ,ÖZEL MEDİ YAŞAM HASTANESİ
94,6,ARDAHAN,ARDAHAN DEVLET HASTANESİ
95,4,ARTVİN,ARTVİN DEVLET HASTANESİ MERKEZ LABORATUVARI
96,2,AYDIN,AYDIN İL SAĞLIK MÜDÜRLÜĞÜ HALK SAĞLIĞI LABORATUVARI
97,3,AYDIN,AYDIN ADNAN MENDERES ÜNİVERSİTESİ HASTANESİ TIBBİ MİKROBİYOLOJİ LABORATUVARI
98,6,AYDIN-KUŞADASI,ÖZEL GÖZDE KUŞADASI HASTANESİ
99,5,AYDIN-SÖKE,AYDIN SÖKE ÖZEL EGEMED HASTANESİ
100,3,BALIKESİR,BALIKESİR ATATÜRK ŞEHİR HASTANESİ 
101,1,BALIKESİR,BALIKESİR ÜNİVERSİTESİ TIP FAKÜLTESİ MİKROBİYOLOJİ LABORATUVARI
102,9,BALIKESİR-AYVALIK,ÖZEL AYVALIK TIBBİ TAHLİL LABORATUVARI
103,8,BALIKESİR-BANDIRMA,BANDIRMA EĞİTİM ARAŞTIRMA HASTANESİ
104,6,BALIKESİR-BANDIRMA,ÖZEL BANDIRMA ROYAL HASTANESİ
105,9,BALIKESİR-EDREMİT,EDREMİT DEVLET HASTANESİ
106,6,BALIKESİR-EDREMİT,ÖZEL EDREMİT KÖRFEZ HASTANESİ 
107,9,BALIKESİR-KARESİ,ÖZEL BALLAB TIBBİ MİKROBİYOLOJİ LABORATUVARI
108,4,BARTIN,BARTIN DEVLET HASTANESİ MİKROBİYOLOJİ LABORATUVARI
109,3,BATMAN,ÖZEL BATMAN DÜNYA HASTANESİ MİKROBİYOLOJİ LABORATUVARI
110,5,BATMAN,BATMAN BÖLGE DEVLET HASTANESİ PCR LABORATUVARI
111,6,BATMAN,ÖZEL MEDİCAL PARK BATMAN HASTANESİ
112,3,BAYBURT,BAYBURT HALK SAĞLIĞI LABORATUVARI
113,6,BİLECİK,BİLECİK DEVLET HASTANESİ
114,3,BİNGÖL,BİNGÖL HALK SAĞLIĞI LABORATUVARI
115,3,BİTLİS,TATVAN DEVLET HASTANESİ MERKEZ LABORATUVARI
116,1,BOLU,BOLU ABANT İZZET BAYSAL ÜNİVERSİTESİ EĞİTİM VE ARAŞTIRMA HASTANESİ TIBBİ MİKROBİYOLOJİ AD
117,4,BURDUR,BURDUR HALK SAĞLIĞI LABORATUVARI
118,8,BURDUR-BUCAK,BUCAK DEVLET HASTANESİ
119,1,BURSA,BURSA İL SAĞLIK MÜDÜRLÜĞÜ HALK SAĞLIĞI LABORATUVARI
120,3,BURSA,BURSA ŞEHİR HASTANESİ
121,4,BURSA,SAĞLIK BİLİMLERİ ÜNİVERSİTESİ BURSA YÜKSEK İHTİSAS EĞİTİM ve ARAŞTIRMA HASTANESİ 
122,5,BURSA,ÖZEL MEDİCANA BURSA HASTANESİ
123,5,BURSA,ÖZEL ULUDAĞ ANALİZ TIP LABORATUVARI
124,5,BURSA,BURSA GENETİK HASTALIKLAR DEĞERLENDİRME MERKEZİ
125,5,BURSA,BURSA ULUDAĞ ÜNİVERSİTESİ SAĞLIK UYGULAMA VE ARAŞTIRMA MERKEZİ MÜDÜRLÜĞÜ
126,6,BURSA,VM MEDİCALPARK BURSA HASTANESİ
127,6,BURSA, ÖZEL ESENTEPE HASTANESİ
128,6,BURSA,ÖZEL MEDİCABİL NİLÜFER HASTANESİ
129,6,BURSA,ÖZEL BİYOTIP LABORATUVARI
130,6,BURSA,ÖZEL CEYLAN INTERNATIONAL HOSPITAL 
131,6,BURSA,ÖZEL MEDİCABİL YILDIRIM HASTANESİ
132,7,BURSA,ÖZEL ARİTMİ OSMANGAZİ HASTANESİ
133,7,BURSA,ÖZEL BURTOM TIBBİ TAHLİL
134,9,BURSA,ÖZEL PEMBE MAVİ HASTANESİ
135,9,BURSA,ÖZEL HAYAT HASTANESİ
136,3,ÇANAKKALE,ÇANAKKALE ONSEKİZ MART ÜNİVERSİTESİ TIBBİ MİKROBİYOLOJİ AD.
137,8,ÇANAKKALE,ÇANAKKALE HALK SAĞLIĞI LABORATUVARI
138,7,ÇANAKKALE-BİGA,ÇANAKKALE BİGA DEVLET HASTANESİ
139,4,ÇANKIRI,ÇANKIRI DEVLET HASTANESİ MERKEZ LABORATUVARI
140,1,ÇORUM,ÇORUM HİTİT ÜNİVERSİTESİ TIP FAKÜLTESİ TIBBİ MİKROBİYOLOJİ AD.
141,9,ÇORUM,ÖZEL ELİTPARK HASTANESİ
142,9,ÇORUM,ÇORUM ÖZEL HASTANESİ
143,2,DENİZLİ,PAMUKKALE ÜNİVERSİTESİ TIP FAKÜLTESİ MERKEZ LABORATUVARI
144,6,DENİZLİ,DENİZLİ DEVLET HASTANESİ
145,6,DENİZLİ,ÖZEL DENİZLİ TEKDEN HASTANESİ
146,7,DENİZLİ,ÖZEL DENİZLİ SAĞLIK HASTANESİ 
147,1,DİYARBAKIR,DİYARBAKIR SAĞLIK BİLİMLERİ ÜNİVERSİTESİ GAZİ YAŞARGİL EĞİTİM VE ARAŞTIRMA HASTANESİ
148,2,DİYARBAKIR,DİCLE ÜNİVERSİTESİ TIP FAKÜLTESİ TIBBİ MİKROBİYOLOJİ AD
149,5,DİYARBAKIR,ÖZEL DİYARBAKIR MEMORİAL HASTANESİ
150,5,DİYARBAKIR,DİYARBAKIR HALK SAĞLIĞI LABORATUVARI
151,2,DÜZCE,DÜZCE ÜNİVERSİTESİ TIP FAKÜLTESİ TIBBİ MİKROBİYOLOJİ AD.
152,5,DÜZCE,ÖZEL MEDLİFE LABORATUVARI
153,6,DÜZCE,DÜZCE ATATÜRK DEVLET HASTANESİ
154,6,DÜZCE,ÖZEL ÇAĞSU HASTANESİ
155,1,EDİRNE,TRAKYA ÜNİVERSİTESİ TIP FAKÜLTESİ TIBBİ MİKROBİYOLOJİ AD
156,5,EDİRNE,EDİRNE SULTAN 1. MURAT DEVLET HASTANESİ 
157,5,EDİRNE,ÖZEL TRAKYA HASTANESİ
158,9,EDİRNE,ÖZEL KEŞAN HASTANESİ 
159,3,ELAZIĞ,FIRAT ÜNİVERSİTESİ HASTANESİ MERKEZ LAB. MİKROBİYOLOJİ BÖLÜMÜ MOLEKÜLER LABORATUVARI
160,5,ELAZIĞ,ELAZIĞ FETHİ SEKİN ŞEHİR HASTANESİ MİKROBİYOLOJİ LABORATUVARINA
161,5,ELAZIĞ,ÖZEL DOĞU ANADOLU HASTANESİ
162,6,ELAZIĞ,ÖZEL MEDİCALPARK ELAZIĞ HASTANESİ
163,9,ELAZIĞ,ÖZEL MEDİLİNE HOSPİTAL HASTANESİ
164,3,ERZİNCAN,ERZİNCAN MENGÜCEK GAZİ EĞİTİM ARAŞTIRMA HASTANESİ TIBBİ MİKROBİYOLOJİ LABORATUVARI
165,1,ERZURUM,ERZURUM İL SAĞLIK MÜDÜRLÜĞÜ HALK SAĞLIĞI LABORATUVARI
166,3,ERZURUM,SBÜ ERZURUM BÖLGE EĞİTİM VE ARAŞTIRMA HASTANESİ MİKROBİYOLOJİ LABORATUVARI
167,5,ERZURUM,ÖZEL BUHARA  HASTANESİ
168,2,ESKİŞEHİR,ESKİŞEHİR OSMANGAZİ ÜNİVERSİTESİ TIP FAKÜLTESİ MİKROBİYOLOJİ AD.
169,3,ESKİŞEHİR,ESKİŞEHİR YUNUS EMRE DEVLET HASTANESİ MERKEZ LABORATUVARI
170,3,ESKİŞEHİR,ESKİŞEHİR ŞEHİR HASTANESİ
171,5,ESKİŞEHİR,ESKİŞEHİR OSMANGAZİ ÜNİVERSİTESİ GENETİK HASTALIKLAR TANI MERKEZİ
172,6,ESKİŞEHİR,ESKİŞEHİR ÖZEL GÜRLİFE HASTANESİ
173,6,ESKİŞEHİR,ÖZEL ESKİŞEHİR ANADOLU HASTANESİ 
174,4,GAZİANTEP,GAZİANTEP ÜNİVERSİTESİ ŞAHİNBEY ARAŞTIRMA VE UYGULAMA HASTANESİ
175,4,GAZİANTEP,SANKO ÜNİVERSİTESİ SANİ KONUKOĞLU UYGULAMA VE ARAŞTIRMA HASTANESİ MİKROBİYOLOJİ LABORATUVARI
176,6,GAZİANTEP,DR. ERSİN ARSLAN EĞİTİM ve ARAŞTIRMA HASTANESİ
177,1,GAZİANTEP,GAZİANTEP İL SAĞLIK MÜDÜRLÜĞÜ HALK SAĞLIĞI LABORATUVARI
178,6,GAZİANTEP,ÖZEL GAZİANTEP MEDİKALPARK HASTANESİ
179,6,GAZİANTEP,ÖZEL GAZİANTEP ANKA HASTANESİ
180,6,GAZİANTEP,ÖZEL GAZİANTEP SEVGİ HASTANESİ
181,6,GAZİANTEP,ÖZEL DEVA HASTANESİ
182,7,GAZİANTEP,ÖZEL MMT AMERİKAN HASTANESİ
183,7,GAZİANTEP,ÖZEL  DEFALIFE HOSPITAL
184,9,GAZİANTEP,ÖZEL LİV HOSPİTAL GAZİANTEP HASTANESİ
185,9,GAZİANTEP,ÖZEL BOSSAN HOSPİTAL 
186,2,GİRESUN,GİRESUN ÜNİVERSİTESİ TIP FAKÜLTESİ TIBBİ MİKROBİYOLOJİ AD
187,5,GÜMÜŞHANE,GÜMÜŞHANE DEVLET HASTANESİ
188,2,HAKKARİ,HAKKARİ DEVLET HASTANESİ MERKEZ LABORATUVARI
189,3,HATAY,HATAY MUSTAFA KEMAL ÜNİVERSİTESİ TIP FAKÜLTESİ TIBBİ MİKROBİYOLOJİ AD. 
190,4,HATAY,HATAY DEVLET HASTANESİ MİKROBİYOLOJİ LAB
191,5,HATAY,İSKENDERUN DEVLET HASTANESİ MİKROBİYOLOJİ LABORATUVARI
192,5,HATAY,İSKENDERUN ÖZEL PALMİYE HASTANESİ
193,5,HATAY,ÖZEL İSKENDERUN GELİŞİM HASTANESİ
194,6,HATAY,ÖZEL DEFNE HASTANESİ 
195,7,HATAY-KIRIKHAN,KIRIKHAN DEVLET HASTANESİ
196,5,IĞDIR,IĞDIR DEVLET HASTANESİ
197,2,ISPARTA,ISPARTA İL SAĞLIK MÜDÜRLÜĞÜ HALK SAĞLIĞI LABORATUVARI 
198,4,ISPARTA,SÜLEYMAN DEMİREL ÜNİVERSİTESİ ARAŞTIRMA VE UYGULAMA HASTANESİ TIBBİ MİKROBİYOLOJİ LABORATUVARI
199,1,İSTANBUL,İSTANBUL İL SAĞLIK MÜDÜRLÜĞÜ 1 NOLU HALK SAĞLIĞI LABORATUVARI
200,1,İSTANBUL,İSTANBUL BAKIRKÖY DR. SADİ KONUK EĞİTİM ARAŞTIRMA HASTANESİ MOLEKÜLER MİKROBİYOLOJİ LABORATUVARI
201,1,İSTANBUL,MARMARA ÜNİVERSİTESİ İSTANBUL PENDİK EĞİTİM VE ARAŞTIRMA HASTANESİ MİKROBİYOLOJİ LABORATUVARI
202,1,İSTANBUL,İSTANBUL SBÜ HAMİDİYE ŞİŞLİ ETFAL EĞİTİM VE ARAŞTIRMA HASTANESİ
203,1,İSTANBUL,SULTANGAZİ HASEKİ EĞİTİM ARAŞTIRMA HASTANESİ
204,1,İSTANBUL,FSM KUZEY LABORATUVARI
205,1,İSTANBUL,İSTANBUL ÜNİVERSİTESİ İSTANBUL TIP FAKÜLTESİ VİROLOJİ VE TEMEL İMMİNOLOJİ BİLİM DALI
206,2,İSTANBUL,MEDİPOL ÜNİVERSİTESİ GENETİK HASTALIKLARI TANI MERKEZİ
207,2,İSTANBUL,ACIBADEM LABMED LABORATUVARLARI
208,2,İSTANBUL,BEZMİALEM VAKIF ÜNİVERSİTESİ ÜNİVERSİTESİ TIP FAKÜLTESİ TIBBİ MİKROBİYOLOJİ LABORATUVARI
209,2,İSTANBUL,ŞİŞLİ FLORENCE NIGHTINGALE HASTANESİ ENFEKSİYON HASTALIKLARI VE KLİNİK MİKROBİYOLOJL AD.
210,2,İSTANBUL,İSTANBUL ÜNİVERSİTESİ-CERRAHPAŞA CERRAHPAŞA TIP FAKÜLTESİ TIBBİ MİKROBİYOLOJİ AD.
211,3,İSTANBUL,BİRUNİ ÜNİVERSİTES HASTANESİ MERKEZ LABORATUVARI
212,3,İSTANBUL,TUSEB ÜMRANİYE EĞİTİM VE ARAŞTIRMA HASTANESİ COVİD 19 TANI MERKEZİ 
213,4,İSTANBUL,S.B.KARTAL DR. LÜTFİ KIRDAR ŞEHİR HASTANESİ MOLEKÜLER MİKROBİYOLOJİ TANI MERKEZİ
214,5,İSTANBUL,SBÜ KANUNİ SULTAN SÜLEYMAN EĞİTİM ve ARAŞTIRMA HASTANESİ
215,5,İSTANBUL,SBÜ İSTANBUL SULTAN 2. ABDULHAMİD HAN EĞİTİM ARAŞTIRMA HASTANESİ
216,6,İSTANBUL,BAŞAKŞEHİR ÇAM VE SAKURA ŞEHİR HASTANESİ
217,4,İSTANBUL,ADLİ TIP KURUMU BAŞKANLIĞI MORG İHTİSAS DAİRESİ – MİKROBİYOLOJİ LABORATUVARI
218,4,İSTANBUL,YEDİTEPE ÜNİVERSİTESİ TIP FAKÜLTESİ TIBBİ MİKROBİYOLOJİ LABORATUVARI 
219,4,İSTANBUL,İSTİNYE ÜNİVERSİTESİ GENETİK HASTALIKLAR DEĞERLENDİRME MERKEZİ
220,4,İSTANBUL,ÖZEL MEDİCANA INTERNATIONAL İSTANBUL HASTANESİ MERKEZ LABORATUVARI
221,4,İSTANBUL,İSTANBUL MEDENİYET ÜNİVERSİTESİ GÖZTEPE EĞİTİM ARAŞTIRMA HASTANESİ MİKROBİYOLOJİ PCR LABORATUVARI
222,4,İSTANBUL,ÜSKÜDAR ÜNİVERSİTESİ ÖZEL NP BEYİN HASTANESİ MİKROBİYOLOJİ LABORATUVARI 
223,4,İSTANBUL,KOÇ ÜNİVERSİTESİ HASTANESİ MOLEKÜLER MİKROBİYOLOJİ LABORATUVARI
224,5,İSTANBUL,ÖZEL ATAŞEHİR FLORENCE NIGHTINGALE HASTANESİ
225,5,İSTANBUL,ÖZEL VEHBİ KOÇ VAKFI AMERİKAN HASTANESİ 
226,5,İSTANBUL,ÖZEL MEMORİAL ŞİŞLİ HASTANESİ
227,5,İSTANBUL,ÖZEL AHENK LABORATUVARI 
228,8,İSTANBUL,ÖZEL GELİŞİM GENETİK HASTALIKLAR DEĞERLENDİRME MERKEZİ
229,5,İSTANBUL,ÖZEL MEDİCANA HOSPİTALS ÇAMLICA HASTANESİ
230,5,İSTANBUL,ÖZEL MEDİCALPARK GÖZTEPE HASTANESİ
231,5,İSTANBUL,ÖZEL MEDIPOL BAHÇELIEVLER HASTANESI
232,5,İSTANBUL,ÖZEL SİSTEM TIP LABORATUVARI
233,5,İSTANBUL,ÖZEL HİPOKRAT LABORATUVARI
234,5,İSTANBUL,ÖZEL DÜZEN LABORATUVARI
235,6,İSTANBUL,ÖZEL MEDICANA HOSPİTALS BAHÇELİEVLER 
236,6,İSTANBUL,ÖZEL İSTANBUL MEDİCİNE HOSPITAL
237,6,İSTANBUL,ÖZEL YENİ İKLİM HASTANESİ
238,6,İSTANBUL,ÖZEL MEDİCANA TIP MERKEZİ
239,6,İSTANBUL,ÖZEL NİSA HOSPİTAL
240,6,İSTANBUL,ÖZEL A HASTANESİ
241,6,İSTANBUL,ÖZEL BAĞCILAR MEDİLİFE
242,6,İSTANBUL,ÖZEL DUYGU HASTANESİ
243,6,İSTANBUL,ÖZEL AVİCENNA ESENLER HASTANESİ
244,6,İSTANBUL,ÖZEL GÖZTEPE HASTANESİ
245,6,İSTANBUL,ÖZEL DNA LABORATUVARI GENETİK HASTALIKLARI TANI MERKEZİ
246,6,İSTANBUL,ÖZEL NİŞANTAŞI HASTANESİ
247,6,İSTANBUL,ÖZEL BÜYÜKÇEKMECE KOLAN HOSPİTAL
248,6,İSTANBUL,ÖZEL YENİBOSNA SAFA HASTANESİ
249,6,İSTANBUL,ÖZEL LES MİKROGEN GENETİK HASTALIKLARI TANI MERKEZİ
250,6,İSTANBUL,ÖZEL ETHİCA İNCİRLİ HASTANESİ
251,5,İSTANBUL,ÖZEL MEMORİAL BAHÇELİEVLER
252,5,İSTANBUL,ÖZEL BİRUNİ GENETİK HASTALIKLAR TANI MERKEZİ
253,5,İSTANBUL,ÖZEL CENTRO LABORATUVARI
254,5,İSTANBUL,ÖZEL MEDİPOL MEGA HASTANELER KOMPLEKSİ
255,5,İSTANBUL,ŞİŞLİ INTERNATİONAL KOLAN HASTANESİ
256,5,İSTANBUL,ÖZEL EMSEY HOSPİTAL HASTANESİ
257,5,İSTANBUL,ÖZEL OKAN ÜNİVERSİTESİ SAĞLIK UYGULAMA VE ARAŞTIRMA MERKEZİ
258,5,İSTANBUL,ÖZEL HİSAR İNTERCONTİNENTAL HASTANESİ
259,5,İSTANBUL,ÖZEL NGC GENETİK HASTALIKLAR TANI MERKEZİ
260,5,İSTANBUL,ÖZEL SYNEVO TIBBİ TAHLİL LABORATUVARI
261,5,İSTANBUL,ÖZEL DATALAB TIBBİ TAHLİL LABORATUVARI
262,5,İSTANBUL,ÖZEL EKO GLOBAL LABORATUVARI
263,5,İSTANBUL,ÖZEL ULTRALAB TANI LABORATUVARI
264,5,İSTANBUL,ÖZEL E-LAB LABORATUVARI
265,5,İSTANBUL,ÖZEL GENETİKS GENETİK HASTALIKLARI TANI MERKEZİ 
266,5,İSTANBUL,ÖZEL SİLİVRİ ANADOLU HASTANESİ
267,5,İSTANBUL,ÖZEL AİLE HASTANESİ
268,5,İSTANBUL,ÖZEL VM MEDİCAL PARK PENDİK HASTANESİ
269,5,İSTANBUL,SAĞLIK BAKANLIĞI ÜNİVERSİTESİ TEKNOLOJİ GELİŞTİRME BÖLGESİ SAĞLIK TEKNOLOJİLERİ A.Ş.(TEKNOPOL İSTANBUL)
270,6,İSTANBUL,ÖZEL NESİLLER GENETİK HASTALIKLAR TANI MERKEZİ
271,6,İSTANBUL,ÖZEL CİHANGİR TIBBİ TAHLİL LABORATUVARI
272,6,İSTANBUL,ÖZEL GÜNEŞLİ ERDEM HASTANESİ
273,6,İSTANBUL,ÖZEL DONEGEN GENETİK HAST.DEĞERLENDİRME MERKEZİ
274,6,İSTANBUL,ÖZEL AVİCENNA HASTANESİ ATAŞEHİR MERKEZİ LABORATUVARI
275,6,İSTANBUL,ÖZEL MEDİCANA KADIKÖY
276,6,İSTANBUL,YENİYÜZYIL ÜNİVERSİTESİ ÖZEL GAZİOSMANPAŞA HASTANESİ
277,6,İSTANBUL,ÖZEL YEDİKULE SURP PİRGİÇ ERMENİ HASTANESİ
278,6,İSTANBUL,ÖZEL PREMED GENETİK HASTALIKLAR TANI MERKEZİ 
279,6,İSTANBUL,ÖZEL ÜMRAN TIP MERKEZİ
280,6,İSTANBUL,ÖZEL PENDİK BÖLGE HASTANESİ
281,6,İSTANBUL,ÖZEL MEDİCALPARK BAHÇELİEVLER HASTANESİ
282,6,İSTANBUL,ÖZEL BEYLİKDÜZÜ MEDİLİFE HASTANESİ
283,6,İSTANBUL,İSTİNYE ÜNİVERSİTESİ SAĞLIK UYGULAMA VE ARAŞTIRMA MERKEZİ (GAZİOSMANPAŞA)
284,6,İSTANBUL,TÜRK KIZILAY ÖZEL KARTAL HASTANESİ
285,6,İSTANBUL,ÖZEL ADATIP KUTRKÖY HASTANESİ
286,6,İSTANBUL,ÖZEL DOĞAN HASTANESİ
287,6,İSTANBUL,ÖZEL AVRASYA HASTANESİ
288,6,İSTANBUL,ÖZEL OTA-JİNEMED HASTANESİ
289,6,İSTANBUL,ÖZEL İSTANBUL MEDİPOL HASTANESİ
290,7,İSTANBUL,ÖZEL MEDİHAUS CERRAHİ TIP MERKEZİ
291,7,İSTANBUL,ÖZEL VİROMED MERKEZİ LABORATUVARI
292,7,İSTANBUL,ÖZEL BEYKENT HASTANESİ
293,7,İSTANBUL,ÖZEL ERDEM HASTANESİ
294,7,İSTANBUL,ÖZEL DERİNDERE HASTANESİ
295,7,İSTANBUL,ÖZEL MERKEZ LABORATUVARI
296,7,İSTANBUL,ÖZEL MEDISTATE KAVACIK HASTANESİ
297,7,İSTANBUL,İSTİNYE ÜNİVERSİTESİ SAĞLIK UYGULAMA ve ARAŞTIRMA  MERKEZİ
298,7,İSTANBUL,ÖZEL BİLGİ GENETİK HASTALIKLAR DEĞERLENDİRME MERKEZİ
299,7,İSTANBUL,ÖZEL REYAP İSTANBUL HASTANESİ
300,7,İSTANBUL,ÖZEL MEDİPOİNT TIP MERKEZİ
301,7,İSTANBUL,ÖZEL GENLAB TIBBİ TAHLİL LABORATUVARI
302,7,İSTANBUL,ÖZEL ÖRNEK TIP MERKEZİ
303,7,İSTANBUL,ÖZEL MEDHOME TIBBİ TAHLİL LABORATUVARI
304,7,İSTANBUL,ÖZEL GENKLİNİK GENETİK HASTALIKLARI TANI MERKEZİ
305,7,İSTANBUL,ÖZEL AVRASYA HASTANESİ GAZİOSMANPAŞA
306,7,İSTANBUL,MALTEPE ÜNİVERSİTESİ TIP FAKÜLTESİ HASTANESİ
307,7,İSTANBUL,ÖZEL FLORYA HASTANESİ
308,7,İSTANBUL,ÖZEL PENDİK BAYPARK HASTANESİ
309,7,İSTANBUL,ÖZEL BAYPARK HASPİTAL HASTANESİ
310,7,İSTANBUL,ÖZEL İSTANBUL ŞAFAK HASTANESİ
311,7,İSTANBUL,ÖZEL İSTANBUL BÖLGE HASTANESİ
312,7,İSTANBUL,ÖZEL MELTEM HASTANESİ VE DOĞUM HASTANESİ
313,7,İSTANBUL,ÖZEL ASYA HASTANESİ
314,7,İSTANBUL,ÖZEL MAVİ TIP LABORATUVARI BEYKENT
315,7,İSTANBUL,ÖZEL GSM GİSBİR SAĞLIK MERKEZİ HASTANESİ
316,8,İSTANBUL,ÖZEL REFERANS LABORATUVARI
317,8,İSTANBUL,ÖZEL UMUT TIBBİ TAHLİL LABORATUVARI
318,7,İSTANBUL,ÖZEL RAMİ HASTANESİ
319,8,İSTANBUL,ÖZEL YAŞAR HASTANESİ
320,8,İSTANBUL,ÖZEL SYNLAB KOZYATAĞI TIBBİ TAHLİL LABORATUVARI
321,9,İSTANBUL,AYDIN ÜNİVERSİTESİ SAĞLIK UYGULAMA VE ARAŞTIRMA MERKEZİ
322,9,İSTANBUL,ÖZEL SANTE PLUS HASTANESİ
323,9,İSTANBUL,ÖZEL MEDİKALİSTANBUL HASTANESİ
324,9,İSTANBUL,ÖZEL TRG HOSPİTALİST HASTANESİ
325,9,İSTANBUL,ÖZEL FENERYOLU GELİŞİM TIP LABORATUVARI
326,9,İSTANBUL,ÖZEL İSTANBUL TEMA HASTANESİ
327,9,İSTANBUL,ÖZEL ŞAFAK HASTANESİ BAĞCILAR
328,9,İSTANBUL,ÖZEL SAYDAM TANI LABORATUVARI
329,9,İSTANBUL,ÖZEL MEDİCANA ATAŞEHİR HASTANESİ
330,9,İSTANBUL,ÖZEL YAŞAM TIBBİ TAHLİL LABORATUVARI
331,9,İSTANBUL,ÖZEL İSTANBUL CERRAHİ HASTANESİ
332,9,İSTANBUL,ÖZEL TETRA TIP LABORATUVARI
333,9,İSTANBUL,ÖZEL ANT TANI MİKROBİYOLOJİ LABORATUVARI
334,9,İSTANBUL,ÖZEL GENLAB TIBBİ TAHLİL LABORATUVARI
335,9,İSTANBUL,ÖZEL GALEN TIBBİ MİKROBİYOLOJİ TAHLİL LABORATUVARI
336,9,İSTANBUL,ÖZEL MAVİ TIP LABORATUVARI
337,9,İSTANBUL,ÖZEL VM MEDİCALPARK MALTEPE HASTANESİ
338,9,İSTANBUL,ÖZEL ÇAPA HASTANESİ
339,9,İSTANBUL,ÖZEL METAGENTECH GENETİK HASTALIKLARI DEĞERLENDİRME MERKEZİ
340,9,İSTANBUL,ÖZEL FATİH HASTANESİ
341,1,İZMİR,İZMİR İL SAĞLIK MÜDÜRLÜĞÜ HALK SAĞLIĞI LABORATUVARI
342,1,İZMİR,İZMİR  TEPECİK EĞİTİM VE ARAŞTIRMA HASTANESİ
343,2,İZMİR,DOKUZ EYLÜL ÜNİVERSİTESİ TIP FAKÜLTESİ MERKEZ LABORATUVARI
344,2,İZMİR,EGE ÜNİVERSİTESİ TIP FAKÜLTESİ TIBBİ MİKROBİYOLOJİ AD.
345,8,İZMİR,BORNOVA TÜRKAN ÖZİLHAN DEVLET HASTANESİ
346,3,İZMİR,SBÜ.İZMİR BOZYAKA EAH
347,5,İZMİR,İZMİR MEDİCALPARK HASTANESİ
348,5,İZMİR,İZMİR ÖZEL TINAZTEPE HASTANESİ
349,5,İZMİR,ÖZEL TALATPAŞA TIBBİ MİKROBİYOLOJİ LABORATUVARI BAYRAKLI ŞUBESİ
350,5,İZMİR,ÖZEL BİOLAB TIBBİ MİKROBİYOLOJİ VE BİYOKİMYA LABORATUVARI ALSANCAK ŞUBESİ MERKEZ LABORATUVARI
351,5,İZMİR,ÖZEL İZMİR EGE TIBBİ BİYOKİMYA MİKROBİYOLOJİ PATOLOJİ LABORATUVARI
352,5,İZMİR,ÖZEL EGE ŞEHİR HASTANESİ MERKEZ LABORATUVARI
353,5,İZMİR,ÖZEL EGEPOL CERRAHİ HASTANESİ MİKROBİYOLOJİ LABORATUVARI
354,5,İZMİR,ÖZEL EKOGLOBAL TIBBİ MİKROBİYOLOJİ LABORATUVARI
355,5,İZMİR,İZMİR ÖZEL CAN HASTANESİ
356,6,İZMİR,BAKIRÇAY ÜNİVERSİTESİ ÇİĞLİ BEAH
357,6,İZMİR,İZMİR KATİP ÇELEBİ ÜNİVERSİTESİ ATATÜRK EĞİTİM VE ARASTIRMA HASTANESİ
358,6,İZMİR,S.B.Ü. DR. BEHÇET UZ ÇOCUK HASTALIKLARI VE CERRAHİSİ EĞİTİM VE ARAŞTIRMA HASTANESİ
359,6,İZMİR,TORBALI DEVLET HASTANESİ
360,6,İZMİR,ÖZEL SU HOSPİTAL HASTANESİ
361,6,İZMİR,ÖZEL EGE İNCİ CERRAHİ TIP MERKEZİ
362,6,İZMİR,ÖZEL KENT HASTANESİ
363,6,İZMİR,ÖZEL ERBAYRAKTAR TIBBİ MERKEZİ LABORATUVARI
364,6,İZMİR,ÖZEL MEDICANA INTERNATIONAL İZMİR HASTANESİ 
365,6,İZMİR,ÖZEL ERBAYRAKTAR TIBBİ MERKEZİ LABORATUVARI
366,6,İZMİR,ÖZEL SAĞLIK HASTANESİ
367,7,İZMİR,ÖZEL BATI ANADOLU CENTRAL HOSPITAL
368,7,İZMİR,ÖZEL PARK TIP MERKEZİ
369,8,İZMİR,ÖZEL MULTİGEN GENETİK HASTALIKLAR DEĞERLENDİRME MERKEZİ
370,8,İZMİR,ÖZEL GENTAN GENETİK HASTALIKLAR DEĞERLENDİRME MERKEZİ
371,9,İZMİR,ÖZEL TINAZTEPE GALEN HASTANESİ 
372,6,İZMİR-ALİAĞA,İZMİR ALİAĞA DEVLET HASTANESİ
373,5,İZMİR-MENEMEN,ÖZEL YAŞAM SAĞLIK TIP MERKEZİ TIBBİ MERKEZİ LABORATUVARI
374,5,İZMİR-TORBALI,ÖZEL MEDİFEMA HASTANESİ
375,8,İZMİR-TORBALI,ÖZEL TINAZTEPE TORBALI HASTANESİ
376,2,KAHRAMANMARAŞ,KAHRAMANMARAŞ NECİP FAZIL ŞEHİR HASTANESİ MERKEZ LABORATUVARI
377,3,KAHRAMANMARAŞ,KAHRAMANMARAŞ SÜTÇÜ İMAM ÜNİVERSİTESİ TIP FAKÜLTESİ TIBBİ MİKROBİYOLOJİ AD
378,6,KAHRAMANMARAŞ,KAHRAMANMARAŞ ELBİSTAN DEVLET HASTANESİ
379,2,KARABÜK,KARABÜK İL SAĞLIK MÜDÜRLÜĞÜ HALK SAĞLIĞI LABORATUVARI
380,8,KARABÜK,KARABÜK ÜNİVERSİTESİ EĞİTİM VE ARAŞTIRMA HASTANESİ 
381,3,KARAMAN,KARAMAN EĞİTİM ARAŞTIRMA HASTANESİ
382,2,KARS,KAFKAS ÜNİVERSİTESİ TIP FAKÜLTESİ TIBBİ MİK. AD.
383,3,KASTAMONU,KASTAMONU DEVLET HASTANESİ TIBBİ MİKROBİYOLOJİ AD.
384,1,KAYSERİ,KAYSERİ ŞEHİR EĞİTİM ARAŞTIRMA HASTANESİ MİKROBİYOLOJİ LABORATUVARI 
385,2,KAYSERİ,ERCİYES ÜNİVERSİTESİ TIP FAKÜLTESİ TIBBİ MİKROBİYOLOJİ AD.
386,5,KAYSERİ,KAYSERİ DEVLET HASTANESİ MİKROBİYOLOJİ PCR LABORATUVARI
387,5,KAYSERİ,SYSTEM HOSPİTAL MİKROBİYOLOJİ LABORATUVARI
388,5,KAYSERİ,ÖZEL MELİKGAZİ HASTANESİ TIBBİ MİKROBİYOLOJİ LABORATUVARI
389,5,KAYSERİ,ÖZEL MEDİCAL PALACE  HASTANESİ 
390,5,KAYSERİ,ÖZEL MEMORIAL KAYSERİ HASTANESİ
391,5,KAYSERİ,ÖZEL DETA-GEN GENETİK TANI MERKEZİ
392,9,KAYSERİ,ÖZEL ANALİZ TIBBİ MİKROBİYOLOJİ TAHLİL LABORATUVARI
393,2,KIRIKKALE,KIRIKKALE ÜNİVERSİTESİ TIP FAKÜLTESİ ENFEKSİYON HASTALIKLARI VE KLİNİK MİKROBİYOLOJİ LABORATUVARI
394,9,KIRIKKALE,KIRIKKALE YÜKSEK İHTİSAS HASTANESİ
395,5,KIRKLARELİ,KIRKLARELİ EĞİTİM ARAŞTIRMA HASTANESİ
396,7,KIRKLARELİ-LÜLEBURGAZ,KIRKLARELİ LÜLEBURGAZ DEVLET HASTANESİ
397,2,KIRŞEHİR,KIRŞEHİR EĞİTİM ARAŞTIRMA HASTANESİ TIBBİ MİKROBİYOLOJİ LABORATUVARI
398,3,KİLİS,KİLİS HALK SAĞLIĞI LABORATUVARI
399,2,KOCAELİ,KOCAELİ İL SAĞLIK MÜDÜRLÜĞÜ HALK SAĞLIĞI LABORATUVARI
400,2,KOCAELİ,KOCAELİ ÜNİVERSİTESİ TIP FAKÜLTESİ TIBBİ MİKROBİYOLOJİ AD.
401,6,KOCAELİ,ÖZEL CİHAN HASTANESİ
402,9,KOCAELİ,ÖZEL KONAK HASTANESİ
403,9,KOCAELİ,ÖZEL MEDAR GÖLCÜK HASTANESİ
404,5,KOCAELİ-BAŞİSKELE,ÖZEL KOCAELİ HASTANESİ
405,6,KOCAELİ-DARICA,SBÜ DARICA FARABİ EĞİTİM ARAŞTIRMA HASTANESİ
406,7,KOCAELİ-DERİNCE,S.B.Ü. DERİNCE EĞİTİM ARAŞTIRMA HASTANESİ
407,4,KOCAELİ-GEBZE,TUSEB GEBZE TEKNİK ÜNİVERSİTESİ COVİD 19 TANI LABORATUVARI
408,5,KOCAELİ-GEBZE,ÖZEL GEBZE MERKEZ PRİME HASTANESİ
409,5,KOCAELİ-GEBZE,ÖZEL ANADOLU SAĞLIK MERKEZİ HASTANESİ
410,6,KOCAELİ-GEBZE,GEBZE ÖZEL YÜZYIL HASTANESİ
411,6,KOCAELİ-GEBZE,ÖZEL MEDİCALPARK GEBZE HASTANESİ
412,1,KONYA,SELÇUK ÜNİVERSİTESİ TIP FAKÜLTESİ  TIBBİ MİKROBİYOLOJİ AD.
413,2,KONYA,S.B.Ü. KONYA EĞİTİM VE ARAŞTIRMA HASTANESİ MERKEZ LABORATUVARI 
414,3,KONYA,NECMETTİN ERBAKAN ÜNİVERSİTESİ MERAM TIP FAKÜLTESİ TIBBİ MİKROBİYOLOJİ MOLEKÜLER LABORATUVARI 
415,5,KONYA,KONYA ŞEHİR HASTANESİ MERKEZ LABORATUVARI
416,5,KONYA,KONYA NUMUNE HASTANESİ
417,9,KONYA,KONYA BEYHEKİM EĞİTİM ARAŞTIRMA HASTANESİ
418,5,KONYA,ÖZEL MEDOVA HASTANESİ TIBBİ MİKROBİYOLOJİ LABORATUVARI 
419,6,KONYA,ÖZEL MEDİCANA KONYA HASTANESİ 
420,1,KÜTAHYA,KÜTAHYA SAĞLIK BİLİMLERİ ÜNİVERSİTESİ EVLİYA ÇELEBİ EĞİTİM VE ARAŞTIRMA HASTANESİ
421,1,MALATYA,İNÖNÜ ÜNİVERSİTESİ TIP FAKÜLTESİ MİKROBİYOLOJİ LABORATUVARI 
422,5,MALATYA,MALATYA EĞİTİM ARAŞTIRMA HASTANESİ MERKEZ LABORATUVARI
423,6,MALATYA,ÖZEL GÖZDEAKADEMİ HASTANESİ
424,3,MANİSA,CELAL BAYAR ÜNİVERSİTESİ TIP FAKÜLTESİ MİKROBİYOLOJİ AD. 
425,6,MANİSA,MANİSA HALK SAĞLIĞI LABORATUVARI
426,6,MANİSA,MANİSA ŞEHİR HASTANESİ 
427,7,MANİSA-SALİHLİ,MANİSA SALİHLİ DEVLET HASTANESİ
428,6,MANİSA-SOMA,ÖZEL MEDİGÜN HASTANESİ
429,4,MARDİN,MARDİN DEVLET HASTANESİ MERKEZ LABORATUVARI
430,1,MERSİN,MERSİN ŞEHİR HASTANESİ MERKEZ LABORATUVARI
431,3,MERSİN,MERSİN ÜNİVERSİTESİ TIP FAKÜLTESİ TIBBİ MİKROBİYOLOJİ AD. 
432,5,MERSİN,ÖZEL VM MEDİCALPARK MERSİN HASTANESİ
433,6,MERSİN,MERSİN HALK SAĞLIĞI LABORATUVARI
434,8,MERSİN,ÖZEL YENİŞEHİR HASTANESİ
435,9,MERSİN,TOROS DEVLET HASTANESİ
436,6,MERSİN-SİLİFKE,SİLİFKE DEVLET HASTANESİ
437,5,MERSİN-TARSUS,TARSUS DEVLET HASTANESİ MERKEZ LABORATUVARI
438,2,MUĞLA,MUĞLA SITKI KOÇMAN ÜNİVERSİTESİ EĞİTİM VE ARAŞTIRMA HASTANESİ  MOLEKÜLER MİKROBİYOLOJİ LABORATUVARI
439,8,MUĞLA,ÖZEL YÜCELEN HASTANESİ
440,8,MUĞLA-BODRUM,BODRUM DEVLET HASTANESİ
441,5,MUĞLA-BODRUM,ÖZEL BODRUM AMERİKAN HASTANESİ 
442,5,MUĞLA-BODRUM,ÖZEL ACIBADEM BODRUM HASTANESİ
443,6,MUĞLA-BODRUM,ÖZEL ÖZCAN TIBBİ TAHLİL LABORATUVARI 
444,7,MUĞLA-BODRUM,ÖZEL BODRUM TIP LABORATUVARI
445,9,MUĞLA-BODRUM,ÖZEL MEDLİFE TIP MERKEZİ 
446,9,MUĞLA-BODRUM,ÖZEL LİNA LAB GENETİK HASTALIKLAR DEĞERLENDİRME MERKEZİ
447,6,MUĞLA-FETHİYE,FETHİYE DEVLET HASTANESİ
448,8,MUĞLA-FETHİYE,ÖZEL LOKMAN HEKİM ESNAF HASTANESİ
449,9,MUĞLA-FETHİYE,ÖZEL LETOON HOSPİTAL 
450,9,MUĞLA-MARMARİS,MARMARİS DEVLET HASTANESİ
451,5,MUĞLA-MARMARİS,ÖZEL AHU HASTANESİ
452,5,MUĞLA-MARMARİS,ÖZEL BOYUT TIBBİ TAHLİL LABORATUVARI
453,5,MUĞLA-MİLAS,75.YIL MİLAS DEVLET HASTANESİ MİKROBİYOLOJİ LABORATUVARI
454,5,MUĞLA-MİLAS,ÖZEL ÖNDER SAĞLIK HİZMETLERİ MİKROBİYOLOJİ TIP LABORATUVARI
455,5,MUĞLA-ORTACA,ORTACA DEVLET HASTANESİ MERKEZ LABORATUVARI
456,3,MUŞ,MUŞ DEVLET HASTANESİ 
457,7,MUŞ,ÖZEL MUŞ ŞİFA HASTANESİ
458,5,NEVŞEHİR,NEVŞEHİR DEVLET HASTANESİ MERKEZ LABORATUVARI
459,5,NEVŞEHİR,ÖZEL KAPADOKYA HASTANESİ MERKEZ LABORATUVARI
460,5,NEVŞEHİR,ÖZEL VERSA HASTANESİ MERKEZ LABORATUVARI
461,3,NİĞDE,NİĞDE ÖMER HALİSDEMİR ÜNİVERSİTESİ EĞİTİM VE ARAŞTIRMA HASTANESİ
462,3,ORDU,ORDU HALK SAĞLIĞI LABORATUVARI 
463,7,ORDU,ÖZEL MEDİCALPARK ORDU HASTANESİ
464,7,ORDU,ÖZEL ORDU UMUT HASTANESİ
465,8,ORDU-FATSA,FATSA DEVLET HASTANESİ
466,4,OSMANİYE,OSMANİYE DEVLET HASTANESİ MERKEZ MİKROBİYOLOJİ LABORATUVARI 
467,7,OSMANİYE,ÖZEL İBNİ SİNA HASTANESİ
468,7,OSMANİYE,OSMANİYE ÖZEL YENİHAYAT HASTANESİ
469,1,RİZE,SB.RECEP TAYYİP ERDOĞAN ÜNİVERSİTESİ EĞİTİM ARAŞTIRMA HASTANESİ TIBBİ MİKROBİYOLOJİ AD 
470,9,RİZE,ÖZEL GÖZLEM TIP LABORATUVARI
471,2,SAKARYA,SAĞLIK BAKANLIĞI SAKARYA ÜNİVERSİTESİ EĞİTİM VE ARAŞTIRMA HASTANESİ MERKEZ KAMPÜSÜ  TIBBİ MİKROBİYOLOJİ LABORATUVARI 
472,5,SAKARYA,SAĞLIK BAKANLIĞI SAKARYA ÜNİVERSİTESİ EĞİTİM VE ARAŞTIRMA HASTANESİ KORUCUK KAMPÜSÜ TIBBİ MİKROBİYOLOJİ LABORATUVARI
473,9,SAKARYA, ÖZEL ADALAB TIP LABORATUVARI 
474,4,SAMSUN,ONDOKUZ MAYIS ÜNİVERSİTESİ TIP FAKÜLTESİ TIBBİ MİKROBİYOLOJİ AD.
475,1,SAMSUN,SAMSUN İL SAĞLIK MÜDÜRLÜĞÜ HALK SAĞLIĞI LABORATUVARI
476,5,SAMSUN,SAMSUN SAĞLIK BİLİMLERİ ÜNİVERSİTESİ EĞİTİM ARAŞTIRMA HASTANESİ
477,7,SAMSUN-ÇARŞAMBA,ÇARŞAMBA DEVLET HASTANESİ
478,5,SAMSUN,ÖZEL LIV HOSPİTAL
479,5,SAMSUN,ÖZEL MEDİCANA HASTANESİ 
480,5,SAMSUN,ÖZEL ATASAM TIP MERKEZİ
481,6,SAMSUN,ÖZEL VM MEDİCALPARK SAMSUN HASTANESİ
482,6,SAMSUN,ÖZEL SAMSUN BÜYÜK ANADOLU HASTANESİ
483,8,SAMSUN-BAFRA,BAFRA DEVLET HASTANESİ
484,5,SİİRT,SİİRT EĞİTİM ARAŞTIRMA HASTANESİ MİKROBİYOLOJİ LABORATUVARI
485,3,SİNOP,SİNOP ATATÜRK DEVLET HASTANESİ MERKEZ LABORATUVARI
486,1,SİVAS,SİVAS CUMHURİYET ÜNİVERSİTESİ TIP FAKÜLTESİ TIBBİ MİKROBİYOLOJİ AD
487,4,SİVAS,SİVAS NUMUNE HASTANESİ MİKROBİYOLOJİ LABORATUVARI 
488,6,SİVAS,ÖZEL MEDİCANA SİVAS HASTANESİ  
489,3,ŞANLIURFA,ŞANLIURFA MEHMET AKİF İNAN EĞİTİM ARAŞTIRMA HASTANESİ
490,4,ŞANLIURFA,HARRAN ÜNİVERSİTESİ ARAŞTIRMA VE UYGULAMA HASTANESİ TIBBİ MİKROBİYOLOJİ LABORATUVARI
491,7,ŞANLIURFA,ŞANLIURFA EĞİTİM ARAŞTIRMA HASTANESİ
492,7,ŞANLIURFA,ÖZEL URFA LOTUS HASTANESİ
493,5,ŞIRNAK,CİZRE DR SELAHATTİN CİZRELİOĞLU DEVLET HASTANESİ MİKROBİYOLOJİ LABORATUVARI
494,2,TEKİRDAĞ,TEKİRDAĞ NAMIK KEMAL ÜNİVERSİTESİ HASTANESİ MİKROBİYOLOJİ LAB.
495,7,TEKİRDAĞ,TEKİRDAĞ DR. İSMAİL FEHMİ CUMALİOĞLU ŞEHİR HASTANESİ
496,6,TEKİRDAĞ,ÖZEL TEKİRDAĞ YAŞAM HASTANESİ 
497,6,TEKİRDAĞ-ÇERKEZKÖY,ÖZEL OPTİMED HASTANESİ
498,5,TEKİRDAĞ-ÇORLU,ÇORLU DEVLET HASTANESİ
499,6,TEKİRDAĞ-ÇORLU,ÖZEL REYAP HASTANESİ
500,2,TOKAT,TOKAT DEVLET HASTANESİ MERKEZ LABORATUVARI
501,9,TOKAT,ÖZEL MEDİCAL PARK TOKAT HASTANESİ
502,1,TRABZON,TRABZON KARADENİZ TEKNİK ÜNİVERSİTESİ TIBBİ MİKROBİYOLOJİ AD.
503,1,TRABZON,TRABZON KANUNİ EĞİTİM VE ARAŞTIRMA HASTANESİ MERKEZ LABORATUVARI
504,9,TRABZON,TRABZON AHİ EVREN GÖĞÜS KALP VE DAMAR CERRAHİSİ EĞİTİM VE ARAŞTIRMA HASTANESİ
505,5,TRABZON,ÖZEL 7M HASTANESİ
506,5,TRABZON,ÖZEL MEDİCALPARK KARADENİZ HASTANESİ
507,6,TRABZON,ÖZEL İMPERYAL HASTANESİ
508,9,TRABZON,ÖZEL MEDİCALPARK TRABZON HASTANESİ
509,3,TUNCELİ,TUNCELİ HALK SAĞLIĞI LABORATUVARI 
510,4,UŞAK,UŞAK HALK SAĞLIĞI LABORATUVARI
511,8,UŞAK,ÖZEL KEMALÖZ ÖZTAN HASTANESİ
512,3,VAN,VAN YÜZÜNCÜ YIL ÜNİVERSİTESİ TIP FAKÜLTESİ TIBBİ MİKROBİYOLOJİ AD.
513,6,VAN,VAN HALK SAĞLIĞI LABORATUVARI
514,3,YALOVA,YALOVA DEVLET HASTANESİ
515,6,YALOVA,ÖZEL ATAKENT HASTANESİ
516,6,YALOVA,ÖZEL YALOVA HASTANESİ
517,2,YOZGAT,YOZGAT BOZOK ÜNİVERSİTESİ TIP FAKÜLTESİ SAĞLIK UYGULAMA VE ARAŞTIRMA HASTANESİ 
518,6,YOZGAT,YOZGAT HALK SAĞLIĞI LABORATUVARI
519,2,ZONGULDAK,ZONGULDAK BÜLENT ECEVİT ÜNİVERSİTESİ TIP FAKÜLTESİ MİKROBİYOLOJİ LABORATUVARI 
520,5,ZONGULDAK,ZONGULDAK ATATÜRK DEVLET HASTANESİ
521,7,ZONGULDAK-K. EREĞLİ,KARADENİZ EREĞLİ DEVLET HASTANESİ
522,6,ZONGULDAK-K. EREĞLİ,ÖZEL KARADENİZ EREĞLİ ECHOMAR HASTANESİ
523,8,ZONGULDAK-K. EREĞLİ,ÖZEL EREĞLİ ANADOLU HASTANESİ
